config,workload,duration_f,duration_p,duration_eta,throughput_f,throughput_p,throughput_eta,mj_per_token_f,mj_per_token_p,mj_per_token_eta,gpu_avg_power_f,gpu_avg_power_p,gpu_avg_power_eta
DP2,bs128_out500,425584.67,0.0,1.0,6254102.49,0.0,1.0,1370304.87,0.0,1.0,78694.25,0.0,1.0
DP2,bs256_out2000,3931118.19,0.0,1.0,10934408.68,0.0,1.0,3880468.94,0.0,1.0,201677.81,0.0,1.0
DP2,bs256_out500,2695244.19,0.0,1.0,15929393.21,0.0,1.0,2006057.12,0.0,1.0,120902.35,0.0,1.0
PP2,bs128_out500,115111.4,0.0,1.0,164219.01,0.0,1.0,211086.6,0.0,1.0,3394.72,0.0,0.99
PP2,bs256_out2000,23462.89,0.0,1.0,96495.31,0.0,1.0,116696.53,0.0,1.0,2429.99,0.0,0.99
PP2,bs256_out500,181252.79,0.0,1.0,224884.87,0.0,1.0,18734.88,0.0,1.0,969.94,0.0,0.98
TP2,bs128_out500,8594.43,0.0,1.0,141796.17,0.0,1.0,39068.52,0.0,1.0,3291.29,0.0,0.99
TP2,bs256_out2000,18070.93,0.0,1.0,73403.8,0.0,1.0,47034.95,0.0,1.0,2429.25,0.0,0.99
TP2,bs256_out500,79759.08,0.0,1.0,221567.68,0.0,1.0,93108.35,0.0,1.0,5439.88,0.0,1.0
