run_id,model_name,model_key,strategy,config,workload,batch_size,output_tokens,duration_s,throughput_tok_s,mj_per_token,gpu_avg_power_w,source_file
1,Qwen3.5-27B,qwen3.5_27b,dp2,DP2,bs128_out500,128,500,395.5208113193512,795.1996228740845,804.2067285353291,639.504887244095,qwen3.5_27b_dp2_bs128_out500_20260630_080321.json
2,Qwen3.5-27B,qwen3.5_27b,dp2,DP2,bs128_out500,128,500,389.257027387619,807.9956888917139,797.254489569764,644.1781905219332,qwen3.5_27b_dp2_bs128_out500_20260630_123846.json
3,Qwen3.5-27B,qwen3.5_27b,dp2,DP2,bs128_out500,128,500,391.28808403015137,803.8016306567728,799.4157035245012,642.5716460656253,qwen3.5_27b_dp2_bs128_out500_20260630_171317.json
4,Qwen3.5-27B,qwen3.5_27b,dp2,DP2,bs128_out500,128,500,391.47322368621826,803.4214882908543,800.9243483430666,643.4798319541692,qwen3.5_27b_dp2_bs128_out500_20260630_214836.json
5,Qwen3.5-27B,qwen3.5_27b,dp2,DP2,bs128_out500,128,500,391.1708858013153,804.0424566764689,798.9650091045129,642.4017887189298,qwen3.5_27b_dp2_bs128_out500_20260701_022315.json
6,Qwen3.5-27B,qwen3.5_27b,dp2,DP2,bs128_out500,128,500,392.2391288280487,801.8526885365371,799.1364852426917,640.7897391994911,qwen3.5_27b_dp2_bs128_out500_20260701_065744.json
7,Qwen3.5-27B,qwen3.5_27b,dp2,DP2,bs128_out500,128,500,391.6067180633545,803.1476108362293,798.4262743568163,641.2541546785487,qwen3.5_27b_dp2_bs128_out500_20260701_113123.json
8,Qwen3.5-27B,qwen3.5_27b,dp2,DP2,bs128_out500,128,500,392.6477942466736,801.0181251710025,800.132189929962,640.9203866666667,qwen3.5_27b_dp2_bs128_out500_20260701_160557.json
9,Qwen3.5-27B,qwen3.5_27b,dp2,DP2,bs128_out500,128,500,390.44265031814575,805.542119293884,799.0497407483459,643.6682215836511,qwen3.5_27b_dp2_bs128_out500_20260701_204107.json
10,Qwen3.5-27B,qwen3.5_27b,dp2,DP2,bs128_out500,128,500,391.7357909679413,802.8829819783799,799.9393621401251,642.2577004769469,qwen3.5_27b_dp2_bs128_out500_20260702_011755.json
1,Qwen3.5-27B,qwen3.5_27b,dp4,DP4,bs128_out500,128,500,203.24593138694763,1537.9988069964118,826.1969263926009,1270.6898871359224,qwen3.5_27b_dp4_bs128_out500_20260630_083519.json
2,Qwen3.5-27B,qwen3.5_27b,dp4,DP4,bs128_out500,128,500,198.97186732292175,1571.0361681065106,815.6640065423401,1281.4376553006816,qwen3.5_27b_dp4_bs128_out500_20260630_131035.json
3,Qwen3.5-27B,qwen3.5_27b,dp4,DP4,bs128_out500,128,500,199.0162570476532,1570.6857552101978,817.0292294216019,1283.2961722428747,qwen3.5_27b_dp4_bs128_out500_20260630_174505.json
4,Qwen3.5-27B,qwen3.5_27b,dp4,DP4,bs128_out500,128,500,198.78478288650513,1572.5147340803867,815.1116037544846,1281.7750068238208,qwen3.5_27b_dp4_bs128_out500_20260630_222020.json
5,Qwen3.5-27B,qwen3.5_27b,dp4,DP4,bs128_out500,128,500,201.41585445404053,1551.9731594482193,820.0294436271702,1272.6636864666248,qwen3.5_27b_dp4_bs128_out500_20260701_025502.json
6,Qwen3.5-27B,qwen3.5_27b,dp4,DP4,bs128_out500,128,500,201.0913782119751,1554.4773862482036,820.2021754609182,1274.9857339055786,qwen3.5_27b_dp4_bs128_out500_20260701_072933.json
7,Qwen3.5-27B,qwen3.5_27b,dp4,DP4,bs128_out500,128,500,199.34343457221985,1568.1078269309717,818.300546832307,1283.1834922696348,qwen3.5_27b_dp4_bs128_out500_20260701_120308.json
8,Qwen3.5-27B,qwen3.5_27b,dp4,DP4,bs128_out500,128,500,200.57551074028015,1558.4754033345926,820.3310817758121,1278.4658135384614,qwen3.5_27b_dp4_bs128_out500_20260701_163742.json
9,Qwen3.5-27B,qwen3.5_27b,dp4,DP4,bs128_out500,128,500,200.70370149612427,1557.479994986721,820.5628810298873,1278.0102718327182,qwen3.5_27b_dp4_bs128_out500_20260701_211257.json
10,Qwen3.5-27B,qwen3.5_27b,dp4,DP4,bs128_out500,128,500,200.7870738506317,1556.8332861533781,820.5152610442609,1277.4054701905336,qwen3.5_27b_dp4_bs128_out500_20260702_014939.json
1,Qwen3.5-27B,qwen3.5_27b,pp2,PP2,bs128_out500,128,500,268.70966696739197,1184.181438617963,448.1119309910938,530.6458311029069,qwen3.5_27b_pp2_bs128_out500_20260630_085703.json
2,Qwen3.5-27B,qwen3.5_27b,pp2,PP2,bs128_out500,128,500,271.3069245815277,1169.723185243048,451.54268352393495,528.1799460448108,qwen3.5_27b_pp2_bs128_out500_20260630_133236.json
3,Qwen3.5-27B,qwen3.5_27b,pp2,PP2,bs128_out500,128,500,267.4607834815979,1178.2661962540858,450.3773747741655,530.6644362540569,qwen3.5_27b_pp2_bs128_out500_20260630_180645.json
4,Qwen3.5-27B,qwen3.5_27b,pp2,PP2,bs128_out500,128,500,268.1056025028229,1185.5477730893494,447.56154926990456,530.6055980573545,qwen3.5_27b_pp2_bs128_out500_20260630_224209.json
5,Qwen3.5-27B,qwen3.5_27b,pp2,PP2,bs128_out500,128,500,268.21187925338745,1179.1163049166316,449.186923409009,529.6436253469008,qwen3.5_27b_pp2_bs128_out500_20260701_031640.json
6,Qwen3.5-27B,qwen3.5_27b,pp2,PP2,bs128_out500,128,500,268.00852251052856,1178.190145007778,450.17536458205024,530.3921780758551,qwen3.5_27b_pp2_bs128_out500_20260701_075115.json
7,Qwen3.5-27B,qwen3.5_27b,pp2,PP2,bs128_out500,128,500,266.38967394828796,1174.9554528932654,451.2519291679335,530.2009148044691,qwen3.5_27b_pp2_bs128_out500_20260701_122444.json
8,Qwen3.5-27B,qwen3.5_27b,pp2,PP2,bs128_out500,128,500,268.71527910232544,1184.17531397174,448.21907823518774,530.7699676972774,qwen3.5_27b_pp2_bs128_out500_20260701_165921.json
9,Qwen3.5-27B,qwen3.5_27b,pp2,PP2,bs128_out500,128,500,267.43558859825134,1173.4152572768392,452.29568391641016,530.7306563079783,qwen3.5_27b_pp2_bs128_out500_20260701_213438.json
10,Qwen3.5-27B,qwen3.5_27b,pp2,PP2,bs128_out500,128,500,269.8345968723297,1193.7164608747414,445.44661772422256,531.7369600183828,qwen3.5_27b_pp2_bs128_out500_20260702_021121.json
1,Qwen3.5-27B,qwen3.5_27b,pp2_dp2,PP2 × DP2,bs128_out500,128,500,136.2815670967102,2321.4658206526974,456.65801751611485,1060.1159793906813,qwen3.5_27b_pp2_dp2_bs128_out500_20260630_091633.json
2,Qwen3.5-27B,qwen3.5_27b,pp2_dp2,PP2 × DP2,bs128_out500,128,500,134.46027159690857,2376.47891235813,447.500686060072,1063.4759436875568,qwen3.5_27b_pp2_dp2_bs128_out500_20260630_135210.json
3,Qwen3.5-27B,qwen3.5_27b,pp2_dp2,PP2 × DP2,bs128_out500,128,500,134.60621690750122,2365.6188199599787,448.72347873594634,1061.508706255666,qwen3.5_27b_pp2_dp2_bs128_out500_20260630_182623.json
4,Qwen3.5-27B,qwen3.5_27b,pp2_dp2,PP2 × DP2,bs128_out500,128,500,135.98145151138306,2339.672039560244,452.63219053330704,1059.0108803956834,qwen3.5_27b_pp2_dp2_bs128_out500_20260630_230146.json
5,Qwen3.5-27B,qwen3.5_27b,pp2_dp2,PP2 × DP2,bs128_out500,128,500,135.36172771453857,2350.708766594917,450.90976610497984,1059.9575401262398,qwen3.5_27b_pp2_dp2_bs128_out500_20260701_033611.json
6,Qwen3.5-27B,qwen3.5_27b,pp2_dp2,PP2 × DP2,bs128_out500,128,500,136.11579704284668,2347.141235189864,450.9827535578883,1058.520217235188,qwen3.5_27b_pp2_dp2_bs128_out500_20260701_081042.json
7,Qwen3.5-27B,qwen3.5_27b,pp2_dp2,PP2 × DP2,bs128_out500,128,500,134.99759459495544,2376.9608707679204,446.4023857828115,1061.0810036231887,qwen3.5_27b_pp2_dp2_bs128_out500_20260701_124424.json
8,Qwen3.5-27B,qwen3.5_27b,pp2_dp2,PP2 × DP2,bs128_out500,128,500,134.80512309074402,2362.5882510830784,449.5473880768986,1062.0953773755657,qwen3.5_27b_pp2_dp2_bs128_out500_20260701_171854.json
9,Qwen3.5-27B,qwen3.5_27b,pp2_dp2,PP2 × DP2,bs128_out500,128,500,135.2672119140625,2368.7854245385606,448.0447992751301,1061.3219900632332,qwen3.5_27b_pp2_dp2_bs128_out500_20260701_215412.json
10,Qwen3.5-27B,qwen3.5_27b,pp2_dp2,PP2 × DP2,bs128_out500,128,500,134.9456434249878,2373.9113903152593,447.27734101124753,1061.796774456523,qwen3.5_27b_pp2_dp2_bs128_out500_20260702_023051.json
1,Qwen3.5-27B,qwen3.5_27b,pp4,PP4,bs128_out500,128,500,271.0523753166199,1169.4824648915865,702.163003877558,821.1673205304071,qwen3.5_27b_pp4_bs128_out500_20260630_093224.json
2,Qwen3.5-27B,qwen3.5_27b,pp4,PP4,bs128_out500,128,500,269.2408449649811,1165.398957356604,704.2811690143795,820.7685400552481,qwen3.5_27b_pp4_bs128_out500_20260630_140753.json
3,Qwen3.5-27B,qwen3.5_27b,pp4,PP4,bs128_out500,128,500,269.33814907073975,1162.6388652346282,705.4131142860343,820.1407027151402,qwen3.5_27b_pp4_bs128_out500_20260630_184211.json
4,Qwen3.5-27B,qwen3.5_27b,pp4,PP4,bs128_out500,128,500,269.2889041900635,1172.7664789972182,697.9211994246986,818.498587666819,qwen3.5_27b_pp4_bs128_out500_20260630_231732.json
5,Qwen3.5-27B,qwen3.5_27b,pp4,PP4,bs128_out500,128,500,271.1350555419922,1181.8796332308652,695.146337262249,821.5792981252862,qwen3.5_27b_pp4_bs128_out500_20260701_035205.json
6,Qwen3.5-27B,qwen3.5_27b,pp4,PP4,bs128_out500,128,500,270.59877943992615,1171.4428300678019,702.6068363872723,823.0637408424914,qwen3.5_27b_pp4_bs128_out500_20260701_082626.json
7,Qwen3.5-27B,qwen3.5_27b,pp4,PP4,bs128_out500,128,500,270.51350235939026,1165.0472055967593,704.4682772930595,820.7387978918421,qwen3.5_27b_pp4_bs128_out500_20260701_130006.json
8,Qwen3.5-27B,qwen3.5_27b,pp4,PP4,bs128_out500,128,500,269.2569377422333,1170.4842320598323,701.1595602135292,820.6962093879425,qwen3.5_27b_pp4_bs128_out500_20260701_173444.json
9,Qwen3.5-27B,qwen3.5_27b,pp4,PP4,bs128_out500,128,500,270.3995430469513,1173.9849721006367,698.6802327353486,820.2400935350745,qwen3.5_27b_pp4_bs128_out500_20260701_221001.json
10,Qwen3.5-27B,qwen3.5_27b,pp4,PP4,bs128_out500,128,500,269.4133725166321,1172.2246637200737,700.8584922521072,821.5636103955843,qwen3.5_27b_pp4_bs128_out500_20260702_024633.json
1,Qwen3.5-27B,qwen3.5_27b,single,Single GPU,bs128_out500,128,500,788.1694617271423,398.29124984377637,806.020268954227,321.0308203211959,qwen3.5_27b_single_bs128_out500_20260630_100241.json
2,Qwen3.5-27B,qwen3.5_27b,single,Single GPU,bs128_out500,128,500,786.7858049869537,401.37607719706693,801.3776116099976,321.65380210157554,qwen3.5_27b_single_bs128_out500_20260630_143812.json
3,Qwen3.5-27B,qwen3.5_27b,single,Single GPU,bs128_out500,128,500,783.4992115497589,399.1873832027933,806.1443706825692,321.80266181643736,qwen3.5_27b_single_bs128_out500_20260630_191221.json
4,Qwen3.5-27B,qwen3.5_27b,single,Single GPU,bs128_out500,128,500,794.5243988037109,398.3175349636876,807.6747768791159,321.7110261788358,qwen3.5_27b_single_bs128_out500_20260630_234755.json
5,Qwen3.5-27B,qwen3.5_27b,single,Single GPU,bs128_out500,128,500,781.3252441883087,398.8607846963294,808.9435389347999,322.65585471455995,qwen3.5_27b_single_bs128_out500_20260701_042221.json
6,Qwen3.5-27B,qwen3.5_27b,single,Single GPU,bs128_out500,128,500,781.67280626297,397.65359305006837,807.2837536664493,321.0192852564099,qwen3.5_27b_single_bs128_out500_20260701_085630.json
7,Qwen3.5-27B,qwen3.5_27b,single,Single GPU,bs128_out500,128,500,787.2166221141815,397.77488330852526,808.1242655124902,321.45153541301846,qwen3.5_27b_single_bs128_out500_20260701_133020.json
8,Qwen3.5-27B,qwen3.5_27b,single,Single GPU,bs128_out500,128,500,800.0153963565826,399.76730630000264,805.9177528255882,322.17956914643673,qwen3.5_27b_single_bs128_out500_20260701_180508.json
9,Qwen3.5-27B,qwen3.5_27b,single,Single GPU,bs128_out500,128,500,799.8244776725769,396.7582999252841,807.879353771717,320.5328389472036,qwen3.5_27b_single_bs128_out500_20260701_224026.json
10,Qwen3.5-27B,qwen3.5_27b,single,Single GPU,bs128_out500,128,500,786.7313416004181,399.8836494298282,806.3781104600473,322.4574216310928,qwen3.5_27b_single_bs128_out500_20260702_031634.json
1,Qwen3.5-27B,qwen3.5_27b,tp2,TP2,bs128_out500,128,500,196.9023938179016,1639.2385777620495,396.47969472676215,649.9248108954291,qwen3.5_27b_tp2_bs128_out500_20260630_105548.json
2,Qwen3.5-27B,qwen3.5_27b,tp2,TP2,bs128_out500,128,500,187.22493267059326,1692.1090342032176,388.5915072308695,657.5391999999993,qwen3.5_27b_tp2_bs128_out500_20260630_153131.json
3,Qwen3.5-27B,qwen3.5_27b,tp2,TP2,bs128_out500,128,500,196.4279124736786,1600.4853691153849,402.3731863097326,643.9923976130659,qwen3.5_27b_tp2_bs128_out500_20260630_200705.json
4,Qwen3.5-27B,qwen3.5_27b,tp2,TP2,bs128_out500,128,500,196.86758685112,1617.417092844243,398.0967842913137,643.8885435190983,qwen3.5_27b_tp2_bs128_out500_20260701_004157.json
5,Qwen3.5-27B,qwen3.5_27b,tp2,TP2,bs128_out500,128,500,195.3512828350067,1638.131039406998,395.120513772994,647.2591779179818,qwen3.5_27b_tp2_bs128_out500_20260701_051625.json
6,Qwen3.5-27B,qwen3.5_27b,tp2,TP2,bs128_out500,128,500,191.0948760509491,1660.5311798909638,395.14495752776617,656.1505225515464,qwen3.5_27b_tp2_bs128_out500_20260701_095008.json
7,Qwen3.5-27B,qwen3.5_27b,tp2,TP2,bs128_out500,128,500,197.63674521446228,1605.6123554132441,400.6991790668398,643.367552713662,qwen3.5_27b_tp2_bs128_out500_20260701_142455.json
8,Qwen3.5-27B,qwen3.5_27b,tp2,TP2,bs128_out500,128,500,202.7020959854126,1573.2693756800122,403.43579928660466,634.7131880706032,qwen3.5_27b_tp2_bs128_out500_20260701_190002.json
9,Qwen3.5-27B,qwen3.5_27b,tp2,TP2,bs128_out500,128,500,198.2688341140747,1597.82046137281,400.5231271952357,639.9640478855722,qwen3.5_27b_tp2_bs128_out500_20260701_233647.json
10,Qwen3.5-27B,qwen3.5_27b,tp2,TP2,bs128_out500,128,500,198.29570412635803,1593.4838396632663,400.8485025323191,638.7456109384703,qwen3.5_27b_tp2_bs128_out500_20260702_041120.json
1,Qwen3.5-27B,qwen3.5_27b,tp2_dp2,TP2 × DP2,bs128_out500,128,500,102.04112315177917,3123.9856065269296,408.51406240219603,1276.1920510083044,qwen3.5_27b_tp2_dp2_bs128_out500_20260630_111036.json
2,Qwen3.5-27B,qwen3.5_27b,tp2_dp2,TP2 × DP2,bs128_out500,128,500,102.52795243263245,3102.1003780308683,409.58680140092525,1270.5793714622644,qwen3.5_27b_tp2_dp2_bs128_out500_20260630_154712.json
3,Qwen3.5-27B,qwen3.5_27b,tp2_dp2,TP2 × DP2,bs128_out500,128,500,102.48079991340637,3067.1989315618134,418.07370782431644,1282.3152299528292,qwen3.5_27b_tp2_dp2_bs128_out500_20260630_202153.json
4,Qwen3.5-27B,qwen3.5_27b,tp2_dp2,TP2 × DP2,bs128_out500,128,500,100.82016849517822,3131.1592185555387,407.9357690813382,1277.3118439375758,qwen3.5_27b_tp2_dp2_bs128_out500_20260701_005646.json
5,Qwen3.5-27B,qwen3.5_27b,tp2_dp2,TP2 × DP2,bs128_out500,128,500,98.85005235671997,3213.058490387419,400.843885121887,1287.9348484107584,qwen3.5_27b_tp2_dp2_bs128_out500_20260701_053113.json
6,Qwen3.5-27B,qwen3.5_27b,tp2_dp2,TP2 × DP2,bs128_out500,128,500,100.86533093452454,3142.8539128650636,402.86878503233606,1266.1577374100716,qwen3.5_27b_tp2_dp2_bs128_out500_20260701_100500.json
7,Qwen3.5-27B,qwen3.5_27b,tp2_dp2,TP2 × DP2,bs128_out500,128,500,103.66844081878662,3084.7960813745267,409.89371231305336,1264.4385175233647,qwen3.5_27b_tp2_dp2_bs128_out500_20260701_143951.json
8,Qwen3.5-27B,qwen3.5_27b,tp2_dp2,TP2 × DP2,bs128_out500,128,500,103.14487862586975,3090.0322366568926,409.41395049426217,1265.1023051643192,qwen3.5_27b_tp2_dp2_bs128_out500_20260701_191446.json
9,Qwen3.5-27B,qwen3.5_27b,tp2_dp2,TP2 × DP2,bs128_out500,128,500,98.89369988441467,3203.6621177112024,401.50062186872924,1286.2723325183379,qwen3.5_27b_tp2_dp2_bs128_out500_20260701_235130.json
10,Qwen3.5-27B,qwen3.5_27b,tp2_dp2,TP2 × DP2,bs128_out500,128,500,101.27679014205933,3136.355324398132,405.49722766680975,1271.7833890214802,qwen3.5_27b_tp2_dp2_bs128_out500_20260702_042609.json
1,Qwen3.5-27B,qwen3.5_27b,tp2_pp2,TP2 × PP2,bs128_out500,128,500,159.31848192214966,2014.480656154055,519.9363909518634,1047.4018020030812,qwen3.5_27b_tp2_pp2_bs128_out500_20260630_112232.json
2,Qwen3.5-27B,qwen3.5_27b,tp2_pp2,TP2 × PP2,bs128_out500,128,500,157.50662088394165,2019.7309688613448,519.1540051401104,1048.5514217898826,qwen3.5_27b_tp2_pp2_bs128_out500_20260630_155857.json
3,Qwen3.5-27B,qwen3.5_27b,tp2_pp2,TP2 × PP2,bs128_out500,128,500,156.50835132598877,2012.2057214956124,519.2459035154727,1044.829577916993,qwen3.5_27b_tp2_pp2_bs128_out500_20260630_203339.json
4,Qwen3.5-27B,qwen3.5_27b,tp2_pp2,TP2 × PP2,bs128_out500,128,500,157.58534789085388,2018.3348531888473,518.9133177602913,1047.3408350194552,qwen3.5_27b_tp2_pp2_bs128_out500_20260701_010828.json
5,Qwen3.5-27B,qwen3.5_27b,tp2_pp2,TP2 × PP2,bs128_out500,128,500,156.65137839317322,2002.689048880223,521.92277734018,1045.2490305403296,qwen3.5_27b_tp2_pp2_bs128_out500_20260701_054257.json
6,Qwen3.5-27B,qwen3.5_27b,tp2_pp2,TP2 × PP2,bs128_out500,128,500,156.8428349494934,2012.72821995124,518.367816432017,1043.3335324472248,qwen3.5_27b_tp2_pp2_bs128_out500_20260701_101640.json
7,Qwen3.5-27B,qwen3.5_27b,tp2_pp2,TP2 × PP2,bs128_out500,128,500,158.64391946792603,2039.6495565997388,513.6495153260167,1047.665006182381,qwen3.5_27b_tp2_pp2_bs128_out500_20260701_145137.json
8,Qwen3.5-27B,qwen3.5_27b,tp2_pp2,TP2 × PP2,bs128_out500,128,500,157.19491624832153,2018.7930218983051,519.1041969907398,1047.9639305230285,qwen3.5_27b_tp2_pp2_bs128_out500_20260701_192630.json
9,Qwen3.5-27B,qwen3.5_27b,tp2_pp2,TP2 × PP2,bs128_out500,128,500,156.54585194587708,2018.686513068754,516.8933280973744,1043.4455901253918,qwen3.5_27b_tp2_pp2_bs128_out500_20260702_000314.json
10,Qwen3.5-27B,qwen3.5_27b,tp2_pp2,TP2 × PP2,bs128_out500,128,500,156.83995175361633,2016.2273480979227,519.1646457851817,1046.7539569976543,qwen3.5_27b_tp2_pp2_bs128_out500_20260702_043757.json
1,Qwen3.5-27B,qwen3.5_27b,tp4,TP4,bs128_out500,128,500,202.03455710411072,1573.087320087646,647.2555984266446,1018.1895747406959,qwen3.5_27b_tp4_bs128_out500_20260630_113836.json
2,Qwen3.5-27B,qwen3.5_27b,tp4,TP4,bs128_out500,128,500,202.47043657302856,1577.9883987396934,646.1975263522403,1019.6921998781224,qwen3.5_27b_tp4_bs128_out500_20260630_161407.json
3,Qwen3.5-27B,qwen3.5_27b,tp4,TP4,bs128_out500,128,500,193.3147485256195,1645.5236986630769,630.211482248313,1037.027929209184,qwen3.5_27b_tp4_bs128_out500_20260630_204837.json
4,Qwen3.5-27B,qwen3.5_27b,tp4,TP4,bs128_out500,128,500,197.85061526298523,1590.5080688362777,641.8103830429836,1020.8045928927677,qwen3.5_27b_tp4_bs128_out500_20260701_012339.json
5,Qwen3.5-27B,qwen3.5_27b,tp4,TP4,bs128_out500,128,500,197.097510099411,1599.4671867797585,640.9760902654268,1025.2202238899308,qwen3.5_27b_tp4_bs128_out500_20260701_055801.json
6,Qwen3.5-27B,qwen3.5_27b,tp4,TP4,bs128_out500,128,500,198.44007563591003,1581.86293264643,646.0331318355371,1021.9358645121204,qwen3.5_27b_tp4_bs128_out500_20260701_103146.json
7,Qwen3.5-27B,qwen3.5_27b,tp4,TP4,bs128_out500,128,500,192.11704874038696,1638.719739159813,630.6760058932834,1033.501219871794,qwen3.5_27b_tp4_bs128_out500_20260701_150638.json
8,Qwen3.5-27B,qwen3.5_27b,tp4,TP4,bs128_out500,128,500,204.20937705039978,1562.1075026406359,648.74854406715,1013.4149680144842,qwen3.5_27b_tp4_bs128_out500_20260701_194145.json
9,Qwen3.5-27B,qwen3.5_27b,tp4,TP4,bs128_out500,128,500,193.49499106407166,1618.6258790352458,637.6811138830863,1032.167153503185,qwen3.5_27b_tp4_bs128_out500_20260702_001814.json
10,Qwen3.5-27B,qwen3.5_27b,tp4,TP4,bs128_out500,128,500,193.93130588531494,1621.3782430050146,635.476714878879,1030.3481194409153,qwen3.5_27b_tp4_bs128_out500_20260702_045258.json
1,Qwen3.5-27B,qwen3.5_27b,dp2,DP2,bs256_out2000,256,2000,1060.523841381073,712.7920849149248,899.4851745389956,641.1459129097157,qwen3.5_27b_dp2_bs256_out2000_20260630_082230.json
2,Qwen3.5-27B,qwen3.5_27b,dp2,DP2,bs256_out2000,256,2000,1062.621583223343,711.3849482587793,899.4951681513804,639.8873236543918,qwen3.5_27b_dp2_bs256_out2000_20260630_125755.json
3,Qwen3.5-27B,qwen3.5_27b,dp2,DP2,bs256_out2000,256,2000,1062.554125070572,711.4301118070508,901.1435854917609,641.1006817806101,qwen3.5_27b_dp2_bs256_out2000_20260630_173227.json
4,Qwen3.5-27B,qwen3.5_27b,dp2,DP2,bs256_out2000,256,2000,1060.1050221920013,713.0736900358622,897.9370418917804,640.2952798816584,qwen3.5_27b_dp2_bs256_out2000_20260630_220742.json
5,Qwen3.5-27B,qwen3.5_27b,dp2,DP2,bs256_out2000,256,2000,1060.7286028862,712.6544885686467,899.242405497979,640.8491365894018,qwen3.5_27b_dp2_bs256_out2000_20260701_024222.json
6,Qwen3.5-27B,qwen3.5_27b,dp2,DP2,bs256_out2000,256,2000,1060.1778478622437,713.0247076226626,897.5667003803588,639.9872341105433,qwen3.5_27b_dp2_bs256_out2000_20260701_071652.json
7,Qwen3.5-27B,qwen3.5_27b,dp2,DP2,bs256_out2000,256,2000,1057.9494729042053,714.5265623365435,898.1408815718073,641.745516603416,qwen3.5_27b_dp2_bs256_out2000_20260701_115028.json
8,Qwen3.5-27B,qwen3.5_27b,dp2,DP2,bs256_out2000,256,2000,1059.5143535137177,713.4712215016848,897.6046751139281,640.4151039791573,qwen3.5_27b_dp2_bs256_out2000_20260701_162503.json
9,Qwen3.5-27B,qwen3.5_27b,dp2,DP2,bs256_out2000,256,2000,1060.5630095005035,712.7657604766208,899.5847405391313,641.1932017035375,qwen3.5_27b_dp2_bs256_out2000_20260701_210015.json
10,Qwen3.5-27B,qwen3.5_27b,dp2,DP2,bs256_out2000,256,2000,1059.7914617061615,713.2846671391569,900.4960688250143,642.3100387119697,qwen3.5_27b_dp2_bs256_out2000_20260702_013701.json
1,Qwen3.5-27B,qwen3.5_27b,dp4,DP4,bs256_out2000,256,2000,561.9070851802826,1382.7410625205337,924.0766696232838,1277.7587560053357,qwen3.5_27b_dp4_bs256_out2000_20260630_084615.json
2,Qwen3.5-27B,qwen3.5_27b,dp4,DP4,bs256_out2000,256,2000,564.332691192627,1376.797786351866,927.4025919273131,1276.8458356225076,qwen3.5_27b_dp4_bs256_out2000_20260630_132131.json
3,Qwen3.5-27B,qwen3.5_27b,dp4,DP4,bs256_out2000,256,2000,562.8318908214569,1380.469039993459,925.067021545874,1277.0263831630414,qwen3.5_27b_dp4_bs256_out2000_20260630_175601.json
4,Qwen3.5-27B,qwen3.5_27b,dp4,DP4,bs256_out2000,256,2000,563.7077198028564,1378.3242143139848,925.2897834720064,1275.3493138168103,qwen3.5_27b_dp4_bs256_out2000_20260630_223118.json
5,Qwen3.5-27B,qwen3.5_27b,dp4,DP4,bs256_out2000,256,2000,560.8345067501068,1385.38551149849,922.8728033037403,1278.5346106529976,qwen3.5_27b_dp4_bs256_out2000_20260701_030556.json
6,Qwen3.5-27B,qwen3.5_27b,dp4,DP4,bs256_out2000,256,2000,562.1603078842163,1382.1182127287911,922.7658574493971,1275.3714976651113,qwen3.5_27b_dp4_bs256_out2000_20260701_074029.json
7,Qwen3.5-27B,qwen3.5_27b,dp4,DP4,bs256_out2000,256,2000,561.3707056045532,1384.0622466454865,923.3948045856273,1278.0358877755534,qwen3.5_27b_dp4_bs256_out2000_20260701_121402.json
8,Qwen3.5-27B,qwen3.5_27b,dp4,DP4,bs256_out2000,256,2000,561.3658354282379,1384.074254193412,923.6487355144678,1278.398434743875,qwen3.5_27b_dp4_bs256_out2000_20260701_164836.json
9,Qwen3.5-27B,qwen3.5_27b,dp4,DP4,bs256_out2000,256,2000,563.7227194309235,1378.2875396335828,924.7031197791621,1274.5067878519194,qwen3.5_27b_dp4_bs256_out2000_20260701_212353.json
10,Qwen3.5-27B,qwen3.5_27b,dp4,DP4,bs256_out2000,256,2000,562.6602463722229,1380.8901641968873,924.6207049296888,1276.7996370501999,qwen3.5_27b_dp4_bs256_out2000_20260702_020035.json
1,Qwen3.5-27B,qwen3.5_27b,pp2,PP2,bs256_out2000,256,2000,581.0676906108856,1245.7481489617678,437.1588010108484,544.5897671616102,qwen3.5_27b_pp2_bs256_out2000_20260630_090810.json
2,Qwen3.5-27B,qwen3.5_27b,pp2,PP2,bs256_out2000,256,2000,584.4366524219513,1248.5322352321946,436.8811539563426,545.4602036799329,qwen3.5_27b_pp2_bs256_out2000_20260630_134347.json
3,Qwen3.5-27B,qwen3.5_27b,pp2,PP2,bs256_out2000,256,2000,589.020923614502,1268.2911082610772,434.26737942726726,550.7774559354426,qwen3.5_27b_pp2_bs256_out2000_20260630_181759.json
4,Qwen3.5-27B,qwen3.5_27b,pp2,PP2,bs256_out2000,256,2000,588.1528708934784,1243.3298147284595,439.41485541640213,546.3375907738081,qwen3.5_27b_pp2_bs256_out2000_20260630_225322.json
5,Qwen3.5-27B,qwen3.5_27b,pp2,PP2,bs256_out2000,256,2000,583.3012936115265,1243.537444446474,442.2980363539799,550.0141698113218,qwen3.5_27b_pp2_bs256_out2000_20260701_032749.json
6,Qwen3.5-27B,qwen3.5_27b,pp2,PP2,bs256_out2000,256,2000,577.2842798233032,1235.4987394049751,441.095111033442,544.972453639515,qwen3.5_27b_pp2_bs256_out2000_20260701_080218.json
7,Qwen3.5-27B,qwen3.5_27b,pp2,PP2,bs256_out2000,256,2000,590.4938788414001,1267.6270268350156,435.5747904758008,552.1463766151243,qwen3.5_27b_pp2_bs256_out2000_20260701_123600.json
8,Qwen3.5-27B,qwen3.5_27b,pp2,PP2,bs256_out2000,256,2000,584.4471957683563,1250.023963310383,437.1353423823669,546.4296531878474,qwen3.5_27b_pp2_bs256_out2000_20260701_171031.json
9,Qwen3.5-27B,qwen3.5_27b,pp2,PP2,bs256_out2000,256,2000,586.5199952125549,1255.4542147077987,435.5738355632065,546.8430076742693,qwen3.5_27b_pp2_bs256_out2000_20260701_214550.json
10,Qwen3.5-27B,qwen3.5_27b,pp2,PP2,bs256_out2000,256,2000,580.3686046600342,1239.87926676619,436.21509502054226,540.8540521664139,qwen3.5_27b_pp2_bs256_out2000_20260702_022228.json
1,Qwen3.5-27B,qwen3.5_27b,pp2_dp2,PP2 × DP2,bs256_out2000,256,2000,298.1823823451996,2510.6211645104327,435.90616319864426,1094.395239067055,qwen3.5_27b_pp2_dp2_bs256_out2000_20260630_092310.json
2,Qwen3.5-27B,qwen3.5_27b,pp2_dp2,PP2 × DP2,bs256_out2000,256,2000,295.0431671142578,2508.361766986456,438.87839915741995,1100.865796802693,qwen3.5_27b_pp2_dp2_bs256_out2000_20260630_135845.json
3,Qwen3.5-27B,qwen3.5_27b,pp2_dp2,PP2 × DP2,bs256_out2000,256,2000,298.3223490715027,2449.6957813403387,445.029191254591,1090.1861323896742,qwen3.5_27b_pp2_dp2_bs256_out2000_20260630_183301.json
4,Qwen3.5-27B,qwen3.5_27b,pp2_dp2,PP2 × DP2,bs256_out2000,256,2000,296.9967112541199,2500.677522198312,439.5717169776525,1099.2271120401338,qwen3.5_27b_pp2_dp2_bs256_out2000_20260630_230823.json
5,Qwen3.5-27B,qwen3.5_27b,pp2_dp2,PP2 × DP2,bs256_out2000,256,2000,299.96397137641907,2484.3750287091443,437.0815775961628,1085.8745568887048,qwen3.5_27b_pp2_dp2_bs256_out2000_20260701_034254.json
6,Qwen3.5-27B,qwen3.5_27b,pp2_dp2,PP2 × DP2,bs256_out2000,256,2000,293.6657190322876,2485.9489980842286,439.2054319325069,1091.8423034657665,qwen3.5_27b_pp2_dp2_bs256_out2000_20260701_081716.json
7,Qwen3.5-27B,qwen3.5_27b,pp2_dp2,PP2 × DP2,bs256_out2000,256,2000,292.47440123558044,2478.1143133829505,441.99515332882595,1095.3145159100554,qwen3.5_27b_pp2_dp2_bs256_out2000_20260701_125057.json
8,Qwen3.5-27B,qwen3.5_27b,pp2_dp2,PP2 × DP2,bs256_out2000,256,2000,298.606064081192,2546.9844436689177,430.45867532226947,1096.3715496881496,qwen3.5_27b_pp2_dp2_bs256_out2000_20260701_172533.json
9,Qwen3.5-27B,qwen3.5_27b,pp2_dp2,PP2 × DP2,bs256_out2000,256,2000,297.91417050361633,2491.079893062661,441.11488176680433,1098.8524124999994,qwen3.5_27b_pp2_dp2_bs256_out2000_20260701_220051.json
10,Qwen3.5-27B,qwen3.5_27b,pp2_dp2,PP2 × DP2,bs256_out2000,256,2000,293.2592725753784,2486.714208883388,439.7667659381148,1093.5742654530052,qwen3.5_27b_pp2_dp2_bs256_out2000_20260702_023724.json
1,Qwen3.5-27B,qwen3.5_27b,pp4,PP4,bs256_out2000,256,2000,591.7147564888,1257.9557833185272,666.405510383067,838.3086658217139,qwen3.5_27b_pp4_bs256_out2000_20260630_094340.json
2,Qwen3.5-27B,qwen3.5_27b,pp4,PP4,bs256_out2000,256,2000,594.4501869678497,1245.8756279944703,671.7069653295403,836.8633372582007,qwen3.5_27b_pp4_bs256_out2000_20260630_141912.json
3,Qwen3.5-27B,qwen3.5_27b,pp4,PP4,bs256_out2000,256,2000,586.2175886631012,1230.2189732052875,676.1941688905226,831.8668961399015,qwen3.5_27b_pp4_bs256_out2000_20260630_185323.json
4,Qwen3.5-27B,qwen3.5_27b,pp4,PP4,bs256_out2000,256,2000,591.7051351070404,1260.864501142172,663.1634254363275,836.1592215885091,qwen3.5_27b_pp4_bs256_out2000_20260630_232848.json
5,Qwen3.5-27B,qwen3.5_27b,pp4,PP4,bs256_out2000,256,2000,595.6542158126831,1260.7734152865698,662.7177635454019,835.5369381162137,qwen3.5_27b_pp4_bs256_out2000_20260701_040327.json
6,Qwen3.5-27B,qwen3.5_27b,pp4,PP4,bs256_out2000,256,2000,586.0226356983185,1244.926314374606,667.9750863726913,831.5797623720136,qwen3.5_27b_pp4_bs256_out2000_20260701_083736.json
7,Qwen3.5-27B,qwen3.5_27b,pp4,PP4,bs256_out2000,256,2000,588.56631731987,1237.8757984617062,669.9856510227092,829.3590227176222,qwen3.5_27b_pp4_bs256_out2000_20260701_131120.json
8,Qwen3.5-27B,qwen3.5_27b,pp4,PP4,bs256_out2000,256,2000,586.5924389362335,1242.041239606228,672.5671936197675,835.3561908819778,qwen3.5_27b_pp4_bs256_out2000_20260701_174555.json
9,Qwen3.5-27B,qwen3.5_27b,pp4,PP4,bs256_out2000,256,2000,590.0119962692261,1250.415253698258,666.4898758359125,833.3891071806829,qwen3.5_27b_pp4_bs256_out2000_20260701_222114.json
10,Qwen3.5-27B,qwen3.5_27b,pp4,PP4,bs256_out2000,256,2000,579.0814442634583,1230.6869906813408,681.230161967108,838.3810979926625,qwen3.5_27b_pp4_bs256_out2000_20260702_025736.json
1,Qwen3.5-27B,qwen3.5_27b,single,Single GPU,bs256_out2000,256,2000,1988.947202205658,363.94480416436505,875.3372729441993,318.574452379446,qwen3.5_27b_single_bs256_out2000_20260630_103711.json
2,Qwen3.5-27B,qwen3.5_27b,single,Single GPU,bs256_out2000,256,2000,2012.982506275177,361.0309566697509,883.0898252667885,318.82276444139177,qwen3.5_27b_single_bs256_out2000_20260630_151308.json
3,Qwen3.5-27B,qwen3.5_27b,single,Single GPU,bs256_out2000,256,2000,2087.3178327083588,363.3481150381027,878.0855209511627,319.0507188798555,qwen3.5_27b_single_bs256_out2000_20260630_194829.json
4,Qwen3.5-27B,qwen3.5_27b,single,Single GPU,bs256_out2000,256,2000,2044.5508449077606,363.18539196490366,878.1674496168126,318.93758939990187,qwen3.5_27b_single_bs256_out2000_20260701_002320.json
5,Qwen3.5-27B,qwen3.5_27b,single,Single GPU,bs256_out2000,256,2000,2055.179182767868,364.1030457462161,876.114148828438,318.99583000978794,qwen3.5_27b_single_bs256_out2000_20260701_045758.json
6,Qwen3.5-27B,qwen3.5_27b,single,Single GPU,bs256_out2000,256,2000,2035.1593089103699,361.4562244730874,881.8241664331581,318.74083384805675,qwen3.5_27b_single_bs256_out2000_20260701_093146.json
7,Qwen3.5-27B,qwen3.5_27b,single,Single GPU,bs256_out2000,256,2000,2076.729038000107,359.36657423478545,884.8738511108062,317.994084503632,qwen3.5_27b_single_bs256_out2000_20260701_140620.json
8,Qwen3.5-27B,qwen3.5_27b,single,Single GPU,bs256_out2000,256,2000,2076.5051035881042,362.246160002315,877.7452099628787,317.95983176947846,qwen3.5_27b_single_bs256_out2000_20260701_184109.json
9,Qwen3.5-27B,qwen3.5_27b,single,Single GPU,bs256_out2000,256,2000,2069.1060829162598,360.36383352036034,884.0396705439102,318.5759246612799,qwen3.5_27b_single_bs256_out2000_20260701_231616.json
10,Qwen3.5-27B,qwen3.5_27b,single,Single GPU,bs256_out2000,256,2000,2083.4079179763794,362.6380573295708,882.3031230160843,319.95669050636616,qwen3.5_27b_single_bs256_out2000_20260702_035238.json
1,Qwen3.5-27B,qwen3.5_27b,tp2,TP2,bs256_out2000,256,2000,400.93554639816284,1839.4128598106743,380.5823683607922,700.0481025800443,qwen3.5_27b_tp2_bs256_out2000_20260630_110356.json
2,Qwen3.5-27B,qwen3.5_27b,tp2,TP2,bs256_out2000,256,2000,399.61503529548645,1846.5896796259374,380.6410723578559,702.8878758577664,qwen3.5_27b_tp2_bs256_out2000_20260630_154033.json
3,Qwen3.5-27B,qwen3.5_27b,tp2,TP2,bs256_out2000,256,2000,399.593209028244,1852.2211671212006,379.1463601211584,702.262913653367,qwen3.5_27b_tp2_bs256_out2000_20260630_201513.json
4,Qwen3.5-27B,qwen3.5_27b,tp2,TP2,bs256_out2000,256,2000,407.03903818130493,1780.4189083141487,385.8732165146082,687.0159708946078,qwen3.5_27b_tp2_bs256_out2000_20260701_005011.json
5,Qwen3.5-27B,qwen3.5_27b,tp2,TP2,bs256_out2000,256,2000,408.4094133377075,1760.182249779765,387.86816601185734,682.7186610687024,qwen3.5_27b_tp2_bs256_out2000_20260701_052441.json
6,Qwen3.5-27B,qwen3.5_27b,tp2,TP2,bs256_out2000,256,2000,407.5848579406738,1792.0170138074989,382.9627823677121,686.2758216579987,qwen3.5_27b_tp2_bs256_out2000_20260701_095823.json
7,Qwen3.5-27B,qwen3.5_27b,tp2,TP2,bs256_out2000,256,2000,410.112966299057,1740.432657960664,388.98722186157863,677.0060644572818,qwen3.5_27b_tp2_bs256_out2000_20260701_143312.json
8,Qwen3.5-27B,qwen3.5_27b,tp2,TP2,bs256_out2000,256,2000,397.8666617870331,1870.5387293755284,378.33731494673873,707.6946003758218,qwen3.5_27b_tp2_bs256_out2000_20260701_190806.json
9,Qwen3.5-27B,qwen3.5_27b,tp2,TP2,bs256_out2000,256,2000,400.60240387916565,1802.0985221490469,383.36299412209524,690.8578851540615,qwen3.5_27b_tp2_bs256_out2000_20260701_234455.json
10,Qwen3.5-27B,qwen3.5_27b,tp2,TP2,bs256_out2000,256,2000,406.64530062675476,1783.9699582950752,384.7847889136311,686.4445038308297,qwen3.5_27b_tp2_bs256_out2000_20260702_041933.json
1,Qwen3.5-27B,qwen3.5_27b,tp2_dp2,TP2 × DP2,bs256_out2000,256,2000,210.2049524784088,3636.783962445045,384.7264524961605,1399.1669923664122,qwen3.5_27b_tp2_dp2_bs256_out2000_20260630_111548.json
2,Qwen3.5-27B,qwen3.5_27b,tp2_dp2,TP2 × DP2,bs256_out2000,256,2000,208.42346787452698,3527.064430395868,389.3871300778654,1373.3934961515681,qwen3.5_27b_tp2_dp2_bs256_out2000_20260630_155221.json
3,Qwen3.5-27B,qwen3.5_27b,tp2_dp2,TP2 × DP2,bs256_out2000,256,2000,206.80249404907227,3633.916522407488,382.72173273212763,1390.7788280597015,qwen3.5_27b_tp2_dp2_bs256_out2000_20260630_202701.json
4,Qwen3.5-27B,qwen3.5_27b,tp2_dp2,TP2 × DP2,bs256_out2000,256,2000,200.50153398513794,3784.6443611560976,375.73056325537567,1422.006557538462,qwen3.5_27b_tp2_dp2_bs256_out2000_20260701_010149.json
5,Qwen3.5-27B,qwen3.5_27b,tp2_dp2,TP2 × DP2,bs256_out2000,256,2000,203.90911054611206,3712.4481489453183,379.1662837582718,1407.6351682808713,qwen3.5_27b_tp2_dp2_bs256_out2000_20260701_053618.json
6,Qwen3.5-27B,qwen3.5_27b,tp2_dp2,TP2 × DP2,bs256_out2000,256,2000,197.9396035671234,3838.928573696562,372.8850174746055,1431.478948286605,qwen3.5_27b_tp2_dp2_bs256_out2000_20260701_101001.json
7,Qwen3.5-27B,qwen3.5_27b,tp2_dp2,TP2 × DP2,bs256_out2000,256,2000,202.21523761749268,3730.7920455878566,378.7420141987017,1413.0076939024393,qwen3.5_27b_tp2_dp2_bs256_out2000_20260701_144456.json
8,Qwen3.5-27B,qwen3.5_27b,tp2_dp2,TP2 × DP2,bs256_out2000,256,2000,204.2279622554779,3639.7954119040405,382.00116794548234,1390.4060984299513,qwen3.5_27b_tp2_dp2_bs256_out2000_20260701_191951.json
9,Qwen3.5-27B,qwen3.5_27b,tp2_dp2,TP2 × DP2,bs256_out2000,256,2000,204.63835382461548,3713.560951781801,378.38720878796255,1405.1639632086853,qwen3.5_27b_tp2_dp2_bs256_out2000_20260701_235636.json
10,Qwen3.5-27B,qwen3.5_27b,tp2_dp2,TP2 × DP2,bs256_out2000,256,2000,206.16407346725464,3776.244749663692,373.9982605180584,1412.3089676646714,qwen3.5_27b_tp2_dp2_bs256_out2000_20260702_043118.json
1,Qwen3.5-27B,qwen3.5_27b,tp2_pp2,TP2 × PP2,bs256_out2000,256,2000,345.218465089798,2149.2766900721817,501.76509589347376,1078.432024495676,qwen3.5_27b_tp2_pp2_bs256_out2000_20260630_112940.json
2,Qwen3.5-27B,qwen3.5_27b,tp2_pp2,TP2 × PP2,bs256_out2000,256,2000,343.18485832214355,2148.5592447317576,501.160834690909,1076.7737444726365,qwen3.5_27b_tp2_pp2_bs256_out2000_20260630_160604.json
3,Qwen3.5-27B,qwen3.5_27b,tp2_pp2,TP2 × PP2,bs256_out2000,256,2000,342.6839430332184,2134.3544536287195,504.006741166622,1075.729032667877,qwen3.5_27b_tp2_pp2_bs256_out2000_20260630_204045.json
4,Qwen3.5-27B,qwen3.5_27b,tp2_pp2,TP2 × PP2,bs256_out2000,256,2000,349.1677031517029,2170.4957049556488,496.3345130284737,1077.2919287495556,qwen3.5_27b_tp2_pp2_bs256_out2000_20260701_011541.json
5,Qwen3.5-27B,qwen3.5_27b,tp2_pp2,TP2 × PP2,bs256_out2000,256,2000,344.7970407009125,2159.4906919339737,499.6373645930733,1078.962238181163,qwen3.5_27b_tp2_pp2_bs256_out2000_20260701_055005.json
6,Qwen3.5-27B,qwen3.5_27b,tp2_pp2,TP2 × PP2,bs256_out2000,256,2000,344.310706615448,2150.8334936186207,499.53764286986416,1074.4222936078008,qwen3.5_27b_tp2_pp2_bs256_out2000_20260701_102347.json
7,Qwen3.5-27B,qwen3.5_27b,tp2_pp2,TP2 × PP2,bs256_out2000,256,2000,346.9540832042694,2175.5501276392292,494.2833781845203,1075.3382664992823,qwen3.5_27b_tp2_pp2_bs256_out2000_20260701_145847.json
8,Qwen3.5-27B,qwen3.5_27b,tp2_pp2,TP2 × PP2,bs256_out2000,256,2000,347.14574098587036,2160.144606326949,499.8566355368619,1079.762615191688,qwen3.5_27b_tp2_pp2_bs256_out2000_20260701_193340.json
9,Qwen3.5-27B,qwen3.5_27b,tp2_pp2,TP2 × PP2,bs256_out2000,256,2000,343.6951415538788,2137.3360027111203,505.69457803641103,1080.8392280130295,qwen3.5_27b_tp2_pp2_bs256_out2000_20260702_001022.json
10,Qwen3.5-27B,qwen3.5_27b,tp2_pp2,TP2 × PP2,bs256_out2000,256,2000,345.7174828052521,2145.1561951171693,500.5713907726642,1073.8038200143983,qwen3.5_27b_tp2_pp2_bs256_out2000_20260702_044505.json
1,Qwen3.5-27B,qwen3.5_27b,tp4,TP4,bs256_out2000,256,2000,394.67754101753235,1888.4378322578311,578.7967547515262,1093.0216888608397,qwen3.5_27b_tp4_bs256_out2000_20260630_114636.json
2,Qwen3.5-27B,qwen3.5_27b,tp4,TP4,bs256_out2000,256,2000,397.3113126754761,1853.6144743543766,582.1015719664706,1078.9918993414858,qwen3.5_27b_tp4_bs256_out2000_20260630_162211.json
3,Qwen3.5-27B,qwen3.5_27b,tp4,TP4,bs256_out2000,256,2000,398.0667083263397,1878.5142900897056,580.7272639607627,1090.9044639949893,qwen3.5_27b_tp4_bs256_out2000_20260630_205647.json
4,Qwen3.5-27B,qwen3.5_27b,tp4,TP4,bs256_out2000,256,2000,390.4591283798218,1907.1496755369053,577.291319067309,1100.9809518494906,qwen3.5_27b_tp4_bs256_out2000_20260701_013135.json
5,Qwen3.5-27B,qwen3.5_27b,tp4,TP4,bs256_out2000,256,2000,404.7661621570587,1833.6784775798644,590.8493004548352,1083.4276457371502,qwen3.5_27b_tp4_bs256_out2000_20260701_060612.json
6,Qwen3.5-27B,qwen3.5_27b,tp4,TP4,bs256_out2000,256,2000,390.25710129737854,1933.6637244813899,572.2603004990125,1106.5589840357597,qwen3.5_27b_tp4_bs256_out2000_20260701_103943.json
7,Qwen3.5-27B,qwen3.5_27b,tp4,TP4,bs256_out2000,256,2000,403.24115562438965,1845.2184000114391,586.1797522165749,1081.6296645041703,qwen3.5_27b_tp4_bs256_out2000_20260701_151447.json
8,Qwen3.5-27B,qwen3.5_27b,tp4,TP4,bs256_out2000,256,2000,403.1339237689972,1819.5119704694273,591.443713835015,1076.1389171817043,qwen3.5_27b_tp4_bs256_out2000_20260701_194952.json
9,Qwen3.5-27B,qwen3.5_27b,tp4,TP4,bs256_out2000,256,2000,384.68581199645996,1928.5972522605728,572.6112331036314,1104.3364507772021,qwen3.5_27b_tp4_bs256_out2000_20260702_002605.json
10,Qwen3.5-27B,qwen3.5_27b,tp4,TP4,bs256_out2000,256,2000,403.372887134552,1804.6527746848299,594.2978471684035,1072.5012588816803,qwen3.5_27b_tp4_bs256_out2000_20260702_050106.json
1,Qwen3.5-27B,qwen3.5_27b,dp2,DP2,bs256_out500,256,500,380.07084560394287,830.439913112677,780.7940147531352,648.4025137704919,qwen3.5_27b_dp2_bs256_out500_20260630_083015.json
2,Qwen3.5-27B,qwen3.5_27b,dp2,DP2,bs256_out500,256,500,380.5527536869049,829.388296214189,780.4515462144532,647.2973781925348,qwen3.5_27b_dp2_bs256_out500_20260630_130543.json
3,Qwen3.5-27B,qwen3.5_27b,dp2,DP2,bs256_out500,256,500,378.4813451766968,833.9274947689897,776.4904373701003,647.5367251481248,qwen3.5_27b_dp2_bs256_out500_20260630_174012.json
4,Qwen3.5-27B,qwen3.5_27b,dp2,DP2,bs256_out500,256,500,379.05922508239746,832.6561632457071,777.4311334741237,647.3328247863251,qwen3.5_27b_dp2_bs256_out500_20260630_221528.json
5,Qwen3.5-27B,qwen3.5_27b,dp2,DP2,bs256_out500,256,500,378.79074716567993,833.24633022767,777.3617882083039,647.7338572837884,qwen3.5_27b_dp2_bs256_out500_20260701_025008.json
6,Qwen3.5-27B,qwen3.5_27b,dp2,DP2,bs256_out500,256,500,380.0870780944824,830.4044472712682,778.6645517661615,646.606506719109,qwen3.5_27b_dp2_bs256_out500_20260701_072439.json
7,Qwen3.5-27B,qwen3.5_27b,dp2,DP2,bs256_out500,256,500,379.5929720401764,831.4853626072769,776.9987964667797,646.0631260255981,qwen3.5_27b_dp2_bs256_out500_20260701_115815.json
8,Qwen3.5-27B,qwen3.5_27b,dp2,DP2,bs256_out500,256,500,379.52643489837646,831.6311354820733,777.908254481569,646.9327249753849,qwen3.5_27b_dp2_bs256_out500_20260701_163250.json
9,Qwen3.5-27B,qwen3.5_27b,dp2,DP2,bs256_out500,256,500,380.2337508201599,830.0841240926095,780.070894804373,647.5244654438261,qwen3.5_27b_dp2_bs256_out500_20260701_210802.json
10,Qwen3.5-27B,qwen3.5_27b,dp2,DP2,bs256_out500,256,500,379.79528737068176,831.0424338992593,779.2555380412222,647.5944189632542,qwen3.5_27b_dp2_bs256_out500_20260702_014447.json
1,Qwen3.5-27B,qwen3.5_27b,dp4,DP4,bs256_out500,256,500,197.37027430534363,1607.1062429050503,801.7890191228198,1288.5601381250005,qwen3.5_27b_dp4_bs256_out500_20260630_085107.json
2,Qwen3.5-27B,qwen3.5_27b,dp4,DP4,bs256_out500,256,500,201.53296947479248,1573.9112107891328,810.7846453587902,1276.103042865891,qwen3.5_27b_dp4_bs256_out500_20260630_132640.json
3,Qwen3.5-27B,qwen3.5_27b,dp4,DP4,bs256_out500,256,500,198.5853877067566,1597.2726073299496,804.8795642486409,1285.6120801740203,qwen3.5_27b_dp4_bs256_out500_20260630_180053.json
4,Qwen3.5-27B,qwen3.5_27b,dp4,DP4,bs256_out500,256,500,200.19505190849304,1584.4297697476877,807.7337614962373,1279.7974177449169,qwen3.5_27b_dp4_bs256_out500_20260630_223616.json
5,Qwen3.5-27B,qwen3.5_27b,dp4,DP4,bs256_out500,256,500,198.54822063446045,1597.5716074735094,805.1094479965561,1286.219995027968,qwen3.5_27b_dp4_bs256_out500_20260701_031048.json
6,Qwen3.5-27B,qwen3.5_27b,dp4,DP4,bs256_out500,256,500,199.61013627052307,1589.0726088685155,807.304807565345,1282.8659567099576,qwen3.5_27b_dp4_bs256_out500_20260701_074522.json
7,Qwen3.5-27B,qwen3.5_27b,dp4,DP4,bs256_out500,256,500,200.16175365447998,1584.6933502967968,807.2598217895792,1279.2592715517235,qwen3.5_27b_dp4_bs256_out500_20260701_121852.json
8,Qwen3.5-27B,qwen3.5_27b,dp4,DP4,bs256_out500,256,500,198.27027797698975,1599.8111428320692,805.0392702126949,1287.9107949036663,qwen3.5_27b_dp4_bs256_out500_20260701_165326.json
9,Qwen3.5-27B,qwen3.5_27b,dp4,DP4,bs256_out500,256,500,197.14892983436584,1608.9105848380234,804.3061564453727,1294.0566885553474,qwen3.5_27b_dp4_bs256_out500_20260701_212845.json
10,Qwen3.5-27B,qwen3.5_27b,dp4,DP4,bs256_out500,256,500,197.4258291721344,1606.6540094074498,802.1498934766391,1288.777342500001,qwen3.5_27b_dp4_bs256_out500_20260702_020527.json
1,Qwen3.5-27B,qwen3.5_27b,pp2,PP2,bs256_out500,256,500,182.75181651115417,1701.0118199346414,346.7635985075229,589.8489797843667,qwen3.5_27b_pp2_bs256_out500_20260630_091239.json
2,Qwen3.5-27B,qwen3.5_27b,pp2,PP2,bs256_out500,256,500,185.4403157234192,1722.3600960449817,336.52579773914886,579.6186053156146,qwen3.5_27b_pp2_bs256_out500_20260630_134818.json
3,Qwen3.5-27B,qwen3.5_27b,pp2,PP2,bs256_out500,256,500,184.9615695476532,1711.8096519959884,343.1744140570534,587.4492743009317,qwen3.5_27b_pp2_bs256_out500_20260630_182230.json
4,Qwen3.5-27B,qwen3.5_27b,pp2,PP2,bs256_out500,256,500,184.3018078804016,1710.943607263072,342.8151498082942,586.5373890374333,qwen3.5_27b_pp2_bs256_out500_20260630_225752.json
5,Qwen3.5-27B,qwen3.5_27b,pp2,PP2,bs256_out500,256,500,183.17054438591003,1708.6863013334764,336.2628061623928,574.5676505376347,qwen3.5_27b_pp2_bs256_out500_20260701_033218.json
6,Qwen3.5-27B,qwen3.5_27b,pp2,PP2,bs256_out500,256,500,184.23946237564087,1716.4075270435123,341.5466451781991,586.2332326203207,qwen3.5_27b_pp2_bs256_out500_20260701_080647.json
7,Qwen3.5-27B,qwen3.5_27b,pp2,PP2,bs256_out500,256,500,184.66446185112,1709.1593955661033,342.7834407245877,585.8715383589056,qwen3.5_27b_pp2_bs256_out500_20260701_124030.json
8,Qwen3.5-27B,qwen3.5_27b,pp2,PP2,bs256_out500,256,500,183.93748450279236,1712.000144240417,343.3645274269186,587.8401204819272,qwen3.5_27b_pp2_bs256_out500_20260701_171500.json
9,Qwen3.5-27B,qwen3.5_27b,pp2,PP2,bs256_out500,256,500,184.37728691101074,1718.1780104666545,341.77988531423495,587.2386833667335,qwen3.5_27b_pp2_bs256_out500_20260701_215020.json
10,Qwen3.5-27B,qwen3.5_27b,pp2,PP2,bs256_out500,256,500,185.3187894821167,1721.8761297315339,327.55682991963357,564.012286569149,qwen3.5_27b_pp2_bs256_out500_20260702_022659.json
1,Qwen3.5-27B,qwen3.5_27b,pp2_dp2,PP2 × DP2,bs256_out500,256,500,93.53582072257996,3428.4084698535894,345.1368115058646,1183.269967824968,qwen3.5_27b_pp2_dp2_bs256_out500_20260630_092624.json
2,Qwen3.5-27B,qwen3.5_27b,pp2_dp2,PP2 × DP2,bs256_out500,256,500,92.98710632324219,3384.0498155317614,355.89823185438803,1204.3773458549217,qwen3.5_27b_pp2_dp2_bs256_out500_20260630_140158.json
3,Qwen3.5-27B,qwen3.5_27b,pp2_dp2,PP2 × DP2,bs256_out500,256,500,92.93708276748657,3399.138326628406,346.43633327104953,1177.5850181582362,qwen3.5_27b_pp2_dp2_bs256_out500_20260630_183616.json
4,Qwen3.5-27B,qwen3.5_27b,pp2_dp2,PP2 × DP2,bs256_out500,256,500,93.21350312232971,3386.236858685191,341.66359362540004,1156.9538540051683,qwen3.5_27b_pp2_dp2_bs256_out500_20260630_231137.json
5,Qwen3.5-27B,qwen3.5_27b,pp2_dp2,PP2 × DP2,bs256_out500,256,500,92.84651517868042,3382.6148390770827,349.76665097822223,1183.1258638132294,qwen3.5_27b_pp2_dp2_bs256_out500_20260701_034607.json
6,Qwen3.5-27B,qwen3.5_27b,pp2_dp2,PP2 × DP2,bs256_out500,256,500,93.01665997505188,3387.393184022186,348.60555061400345,1180.8640660621763,qwen3.5_27b_pp2_dp2_bs256_out500_20260701_082029.json
7,Qwen3.5-27B,qwen3.5_27b,pp2_dp2,PP2 × DP2,bs256_out500,256,500,93.26341223716736,3379.8463131330727,343.93979591492194,1162.4636511627905,qwen3.5_27b_pp2_dp2_bs256_out500_20260701_125410.json
8,Qwen3.5-27B,qwen3.5_27b,pp2_dp2,PP2 × DP2,bs256_out500,256,500,94.1502947807312,3388.8688372465876,346.5955207157826,1174.5667592829695,qwen3.5_27b_pp2_dp2_bs256_out500_20260701_172847.json
9,Qwen3.5-27B,qwen3.5_27b,pp2_dp2,PP2 × DP2,bs256_out500,256,500,93.6358995437622,3395.855665928535,351.3956961405089,1193.289065721649,qwen3.5_27b_pp2_dp2_bs256_out500_20260701_220404.json
10,Qwen3.5-27B,qwen3.5_27b,pp2_dp2,PP2 × DP2,bs256_out500,256,500,94.17187714576721,3424.1114202372414,343.17010599693594,1175.052679028133,qwen3.5_27b_pp2_dp2_bs256_out500_20260702_024038.json
1,Qwen3.5-27B,qwen3.5_27b,pp4,PP4,bs256_out500,256,500,184.68986058235168,1701.8151348912447,512.0197755139943,871.3630033333332,qwen3.5_27b_pp4_bs256_out500_20260630_094809.json
2,Qwen3.5-27B,qwen3.5_27b,pp4,PP4,bs256_out500,256,500,185.7426609992981,1689.9133366092249,518.1204270347192,875.578619615639,qwen3.5_27b_pp4_bs256_out500_20260630_142342.json
3,Qwen3.5-27B,qwen3.5_27b,pp4,PP4,bs256_out500,256,500,184.7231867313385,1701.5081082221136,505.1085432147313,859.4462818121251,qwen3.5_27b_pp4_bs256_out500_20260630_185752.json
4,Qwen3.5-27B,qwen3.5_27b,pp4,PP4,bs256_out500,256,500,184.68208074569702,1701.8868248121748,520.9137142867113,886.5361872085275,qwen3.5_27b_pp4_bs256_out500_20260630_233317.json
5,Qwen3.5-27B,qwen3.5_27b,pp4,PP4,bs256_out500,256,500,185.7863130569458,1700.0929444312017,517.3811237162763,879.5959980119281,qwen3.5_27b_pp4_bs256_out500_20260701_040757.json
6,Qwen3.5-27B,qwen3.5_27b,pp4,PP4,bs256_out500,256,500,185.65063190460205,1701.3354425979219,519.2639989747672,883.4422455209024,qwen3.5_27b_pp4_bs256_out500_20260701_084205.json
7,Qwen3.5-27B,qwen3.5_27b,pp4,PP4,bs256_out500,256,500,185.24873805046082,1698.4191272293385,520.1710758495005,883.4685046542547,qwen3.5_27b_pp4_bs256_out500_20260701_131549.json
8,Qwen3.5-27B,qwen3.5_27b,pp4,PP4,bs256_out500,256,500,185.61272883415222,1691.096305579692,507.2582059852925,857.8224781167105,qwen3.5_27b_pp4_bs256_out500_20260701_175025.json
9,Qwen3.5-27B,qwen3.5_27b,pp4,PP4,bs256_out500,256,500,184.63529992103577,1702.3992710734549,508.2816939810574,865.2983853333329,qwen3.5_27b_pp4_bs256_out500_20260701_222543.json
10,Qwen3.5-27B,qwen3.5_27b,pp4,PP4,bs256_out500,256,500,185.3307363986969,1697.6676730142872,495.5623205498726,841.3001315614624,qwen3.5_27b_pp4_bs256_out500_20260702_030204.json
1,Qwen3.5-27B,qwen3.5_27b,single,Single GPU,bs256_out500,256,500,752.104150056839,417.08585170856094,779.1742476791578,324.9825547226387,qwen3.5_27b_single_bs256_out500_20260630_105104.json
2,Qwen3.5-27B,qwen3.5_27b,single,Single GPU,bs256_out500,256,500,750.9479455947876,418.09955249470664,776.6193527333241,324.7042038365316,qwen3.5_27b_single_bs256_out500_20260630_152700.json
3,Qwen3.5-27B,qwen3.5_27b,single,Single GPU,bs256_out500,256,500,754.5954396724701,415.54054466072836,779.077932445947,323.73846838174296,qwen3.5_27b_single_bs256_out500_20260630_200225.json
4,Qwen3.5-27B,qwen3.5_27b,single,Single GPU,bs256_out500,256,500,753.9730887413025,416.8981687725071,779.2941519136349,324.88630486791834,qwen3.5_27b_single_bs256_out500_20260701_003716.json
5,Qwen3.5-27B,qwen3.5_27b,single,Single GPU,bs256_out500,256,500,747.3660318851471,418.4121122165957,777.1272314277523,325.15944636272104,qwen3.5_27b_single_bs256_out500_20260701_051146.json
6,Qwen3.5-27B,qwen3.5_27b,single,Single GPU,bs256_out500,256,500,744.8523099422455,417.4693370073736,774.8669266541624,323.4831821392544,qwen3.5_27b_single_bs256_out500_20260701_094532.json
7,Qwen3.5-27B,qwen3.5_27b,single,Single GPU,bs256_out500,256,500,752.8141582012177,417.53996863058944,775.7983149659345,323.92680409454044,qwen3.5_27b_single_bs256_out500_20260701_142014.json
8,Qwen3.5-27B,qwen3.5_27b,single,Single GPU,bs256_out500,256,500,765.2659749984741,417.34640038143186,776.4867221935752,324.0639384514655,qwen3.5_27b_single_bs256_out500_20260701_185515.json
9,Qwen3.5-27B,qwen3.5_27b,single,Single GPU,bs256_out500,256,500,743.2058725357056,418.39416437746326,774.5763482284768,324.0782239636006,qwen3.5_27b_single_bs256_out500_20260701_233205.json
10,Qwen3.5-27B,qwen3.5_27b,single,Single GPU,bs256_out500,256,500,759.1992611885071,415.59708515266453,782.7709974553538,325.3173448844889,qwen3.5_27b_single_bs256_out500_20260702_040639.json
1,Qwen3.5-27B,qwen3.5_27b,tp2,TP2,bs256_out500,256,500,109.4833836555481,2839.0518234065253,294.69004477918617,836.6403089700991,qwen3.5_27b_tp2_bs256_out500_20260630_110714.json
2,Qwen3.5-27B,qwen3.5_27b,tp2,TP2,bs256_out500,256,500,110.56193327903748,2909.8170632386827,289.1103318338965,841.2581767288698,qwen3.5_27b_tp2_bs256_out500_20260630_154350.json
3,Qwen3.5-27B,qwen3.5_27b,tp2,TP2,bs256_out500,256,500,109.05727815628052,2850.5754522363063,293.7593963339987,837.3833240534527,qwen3.5_27b_tp2_bs256_out500_20260630_201830.json
4,Qwen3.5-27B,qwen3.5_27b,tp2,TP2,bs256_out500,256,500,108.38445782661438,2867.643629285005,293.28977889948845,841.0505659955256,qwen3.5_27b_tp2_bs256_out500_20260701_005326.json
5,Qwen3.5-27B,qwen3.5_27b,tp2,TP2,bs256_out500,256,500,109.15260219573975,2872.6296367878817,292.394877238406,839.9421899999995,qwen3.5_27b_tp2_bs256_out500_20260701_052756.json
6,Qwen3.5-27B,qwen3.5_27b,tp2,TP2,bs256_out500,256,500,109.4992287158966,2915.2351458860794,288.97603026055873,842.4330797342201,qwen3.5_27b_tp2_bs256_out500_20260701_100139.json
7,Qwen3.5-27B,qwen3.5_27b,tp2,TP2,bs256_out500,256,500,109.23410868644714,2908.1941878783723,290.27118239700576,844.1649655555551,qwen3.5_27b_tp2_bs256_out500_20260701_143629.json
8,Qwen3.5-27B,qwen3.5_27b,tp2,TP2,bs256_out500,256,500,109.48344826698303,2896.446951750166,291.4045125393607,844.0377120708745,qwen3.5_27b_tp2_bs256_out500_20260701_191123.json
9,Qwen3.5-27B,qwen3.5_27b,tp2,TP2,bs256_out500,256,500,108.3864049911499,2861.023022447514,293.0793244416316,838.5066946308726,qwen3.5_27b_tp2_bs256_out500_20260701_234811.json
10,Qwen3.5-27B,qwen3.5_27b,tp2,TP2,bs256_out500,256,500,108.20910453796387,2867.614525828871,293.97516036292177,843.0074400895863,qwen3.5_27b_tp2_bs256_out500_20260702_042248.json
1,Qwen3.5-27B,qwen3.5_27b,tp2_dp2,TP2 × DP2,bs256_out500,256,500,55.629093170166016,5668.149200913156,297.8186185901649,1688.0803649789032,qwen3.5_27b_tp2_dp2_bs256_out500_20260630_111826.json
2,Qwen3.5-27B,qwen3.5_27b,tp2_dp2,TP2 × DP2,bs256_out500,256,500,55.34757733345032,5695.551913696537,295.0646035550124,1680.5557674418608,qwen3.5_27b_tp2_dp2_bs256_out500_20260630_155456.json
3,Qwen3.5-27B,qwen3.5_27b,tp2_dp2,TP2 × DP2,bs256_out500,256,500,55.16751289367676,5710.317240640147,294.1281686749311,1679.5651525423723,qwen3.5_27b_tp2_dp2_bs256_out500_20260630_202938.json
4,Qwen3.5-27B,qwen3.5_27b,tp2_dp2,TP2 × DP2,bs256_out500,256,500,56.08394956588745,5596.235686491343,299.8076271184254,1677.7941419624217,qwen3.5_27b_tp2_dp2_bs256_out500_20260701_010426.json
5,Qwen3.5-27B,qwen3.5_27b,tp2_dp2,TP2 × DP2,bs256_out500,256,500,55.742310523986816,5714.223127922442,294.2701704539335,1681.525413865546,qwen3.5_27b_tp2_dp2_bs256_out500_20260701_053855.json
6,Qwen3.5-27B,qwen3.5_27b,tp2_dp2,TP2 × DP2,bs256_out500,256,500,55.47626328468323,5727.1341144514545,294.70688782667014,1687.8258710359407,qwen3.5_27b_tp2_dp2_bs256_out500_20260701_101239.json
7,Qwen3.5-27B,qwen3.5_27b,tp2_dp2,TP2 × DP2,bs256_out500,256,500,55.54725909233093,5678.389989967083,295.0948357090822,1675.6635611814331,qwen3.5_27b_tp2_dp2_bs256_out500_20260701_144732.json
8,Qwen3.5-27B,qwen3.5_27b,tp2_dp2,TP2 × DP2,bs256_out500,256,500,55.669965982437134,5691.90216677995,295.64814217540084,1682.8003010526309,qwen3.5_27b_tp2_dp2_bs256_out500_20260701_192228.json
9,Qwen3.5-27B,qwen3.5_27b,tp2_dp2,TP2 × DP2,bs256_out500,256,500,55.65245509147644,5714.716439323981,294.6867481686878,1684.0512042105265,qwen3.5_27b_tp2_dp2_bs256_out500_20260701_235914.json
10,Qwen3.5-27B,qwen3.5_27b,tp2_dp2,TP2 × DP2,bs256_out500,256,500,55.67652201652527,5691.806681206513,295.4342118829984,1681.5544210526307,qwen3.5_27b_tp2_dp2_bs256_out500_20260702_043355.json
1,Qwen3.5-27B,qwen3.5_27b,tp2_pp2,TP2 × PP2,bs256_out500,256,500,110.05296206474304,2877.35099591151,397.5838955645656,1143.9884178610805,qwen3.5_27b_tp2_pp2_bs256_out500_20260630_113253.json
2,Qwen3.5-27B,qwen3.5_27b,tp2_pp2,TP2 × PP2,bs256_out500,256,500,110.81629586219788,2880.0006128780033,392.22077648848307,1129.5960766703174,qwen3.5_27b_tp2_pp2_bs256_out500_20260630_160919.json
3,Qwen3.5-27B,qwen3.5_27b,tp2_pp2,TP2 × PP2,bs256_out500,256,500,110.57266879081726,2895.9507218350936,394.9200240546066,1143.6689287280706,qwen3.5_27b_tp2_pp2_bs256_out500_20260630_204359.json
4,Qwen3.5-27B,qwen3.5_27b,tp2_pp2,TP2 × PP2,bs256_out500,256,500,110.61597633361816,2868.2023204597103,404.04172200081086,1158.8734046052627,qwen3.5_27b_tp2_pp2_bs256_out500_20260701_011855.json
5,Qwen3.5-27B,qwen3.5_27b,tp2_pp2,TP2 × PP2,bs256_out500,256,500,110.21057891845703,2865.532538701789,397.12938465983706,1137.987173817382,qwen3.5_27b_tp2_pp2_bs256_out500_20260701_055319.json
6,Qwen3.5-27B,qwen3.5_27b,tp2_pp2,TP2 × PP2,bs256_out500,256,500,109.72531318664551,2865.072706288357,398.04627438942947,1140.4315165929206,qwen3.5_27b_tp2_pp2_bs256_out500_20260701_102701.json
7,Qwen3.5-27B,qwen3.5_27b,tp2_pp2,TP2 × PP2,bs256_out500,256,500,109.77791500091553,2870.058153294061,398.7394426000969,1144.4053882743372,qwen3.5_27b_tp2_pp2_bs256_out500_20260701_150200.json
8,Qwen3.5-27B,qwen3.5_27b,tp2_pp2,TP2 × PP2,bs256_out500,256,500,110.41720151901245,2894.974656145034,394.95710864107076,1143.3908197802207,qwen3.5_27b_tp2_pp2_bs256_out500_20260701_193654.json
9,Qwen3.5-27B,qwen3.5_27b,tp2_pp2,TP2 × PP2,bs256_out500,256,500,109.68884754180908,2894.0954993533005,392.34409243842265,1135.4812721238943,qwen3.5_27b_tp2_pp2_bs256_out500_20260702_001334.json
10,Qwen3.5-27B,qwen3.5_27b,tp2_pp2,TP2 × PP2,bs256_out500,256,500,110.6068012714386,2864.037259540575,399.18723749212774,1143.2871217105262,qwen3.5_27b_tp2_pp2_bs256_out500_20260702_044819.json
1,Qwen3.5-27B,qwen3.5_27b,tp4,TP4,bs256_out500,256,500,102.96358561515808,3126.1440447797854,408.6134829514738,1277.3846063454762,qwen3.5_27b_tp4_bs256_out500_20260630_114945.json
2,Qwen3.5-27B,qwen3.5_27b,tp4,TP4,bs256_out500,256,500,101.25037932395935,3130.8030855444704,410.208044205499,1284.2806105137388,qwen3.5_27b_tp4_bs256_out500_20260630_162517.json
3,Qwen3.5-27B,qwen3.5_27b,tp4,TP4,bs256_out500,256,500,99.82131004333496,3175.6245220823535,406.2312529711517,1290.0379285714291,qwen3.5_27b_tp4_bs256_out500_20260630_205953.json
4,Qwen3.5-27B,qwen3.5_27b,tp4,TP4,bs256_out500,256,500,98.80477356910706,3181.0710013941334,406.9455995197521,1294.5228457772337,qwen3.5_27b_tp4_bs256_out500_20260701_013439.json
5,Qwen3.5-27B,qwen3.5_27b,tp4,TP4,bs256_out500,256,500,102.2014729976654,3122.1565662491867,408.1027692852442,1274.1607408284021,qwen3.5_27b_tp4_bs256_out500_20260701_060919.json
6,Qwen3.5-27B,qwen3.5_27b,tp4,TP4,bs256_out500,256,500,100.33330631256104,3187.007502811336,407.5216892214466,1298.7746811071,qwen3.5_27b_tp4_bs256_out500_20260701_104248.json
7,Qwen3.5-27B,qwen3.5_27b,tp4,TP4,bs256_out500,256,500,100.06959056854248,3178.298204209715,404.96288012912436,1287.09279468599,qwen3.5_27b_tp4_bs256_out500_20260701_151753.json
8,Qwen3.5-27B,qwen3.5_27b,tp4,TP4,bs256_out500,256,500,101.40164494514465,3061.439488165466,414.31246043595974,1268.3925268176397,qwen3.5_27b_tp4_bs256_out500_20260701_195259.json
9,Qwen3.5-27B,qwen3.5_27b,tp4,TP4,bs256_out500,256,500,102.02988076210022,3070.27703708111,413.5399935045085,1269.682345971564,qwen3.5_27b_tp4_bs256_out500_20260702_002912.json
10,Qwen3.5-27B,qwen3.5_27b,tp4,TP4,bs256_out500,256,500,102.07983064651489,3086.202220406561,413.40454812844877,1275.8500343601897,qwen3.5_27b_tp4_bs256_out500_20260702_050415.json
1,Qwen3-14B,qwen3_14b,dp2,DP2,bs128_out500,128,500,55.78506875038147,8410.135731826838,103.05741654852808,866.7268613445386,qwen3_14b_dp2_bs128_out500_20260630_115222.json
2,Qwen3-14B,qwen3_14b,dp2,DP2,bs128_out500,128,500,55.804110288619995,8407.266016311252,103.65182081565841,871.4284306722682,qwen3_14b_dp2_bs128_out500_20260630_162721.json
3,Qwen3-14B,qwen3_14b,dp2,DP2,bs128_out500,128,500,55.847156286239624,8400.785844768214,103.67706420698812,870.9688134171911,qwen3_14b_dp2_bs128_out500_20260630_210203.json
4,Qwen3-14B,qwen3_14b,dp2,DP2,bs128_out500,128,500,55.87821960449219,8396.115755310913,103.9987394616726,873.1854549266242,qwen3_14b_dp2_bs128_out500_20260701_013644.json
5,Qwen3-14B,qwen3_14b,dp2,DP2,bs128_out500,128,500,55.710227251052856,8421.433965540564,103.44795399573707,871.1801134453777,qwen3_14b_dp2_bs128_out500_20260701_061134.json
6,Qwen3-14B,qwen3_14b,dp2,DP2,bs128_out500,128,500,55.71553301811218,8420.63199588316,103.1484763168188,868.5753600000005,qwen3_14b_dp2_bs128_out500_20260701_104452.json
7,Qwen3-14B,qwen3_14b,dp2,DP2,bs128_out500,128,500,55.85539889335632,8399.546136905377,103.55093117207663,869.7808238993708,qwen3_14b_dp2_bs128_out500_20260701_151959.json
8,Qwen3-14B,qwen3_14b,dp2,DP2,bs128_out500,128,500,55.80767774581909,8406.728589152732,103.19642497485322,867.5443361344535,qwen3_14b_dp2_bs128_out500_20260701_195503.json
9,Qwen3-14B,qwen3_14b,dp2,DP2,bs128_out500,128,500,55.86416554450989,8398.228013021975,103.8149858613019,871.861922431866,qwen3_14b_dp2_bs128_out500_20260702_003116.json
10,Qwen3-14B,qwen3_14b,dp2,DP2,bs128_out500,128,500,55.76343274116516,8413.398833921878,103.65270111643672,872.0715147058817,qwen3_14b_dp2_bs128_out500_20260702_050619.json
1,Qwen3-14B,qwen3_14b,pp2,PP2,bs128_out500,128,500,112.61953234672546,4204.545962259698,137.34648523224408,577.4796099137931,qwen3_14b_pp2_bs128_out500_20260630_120121.json
2,Qwen3-14B,qwen3_14b,pp2,PP2,bs128_out500,128,500,112.6979706287384,4224.193189496559,136.37748845014153,576.0848579117335,qwen3_14b_pp2_bs128_out500_20260630_163608.json
3,Qwen3-14B,qwen3_14b,pp2,PP2,bs128_out500,128,500,112.71167922019958,4199.795471729303,136.80666364021232,574.5600064585576,qwen3_14b_pp2_bs128_out500_20260630_211049.json
4,Qwen3-14B,qwen3_14b,pp2,PP2,bs128_out500,128,500,114.05021786689758,4138.720721698873,137.72934605586968,570.0232985074626,qwen3_14b_pp2_bs128_out500_20260701_014533.json
5,Qwen3-14B,qwen3_14b,pp2,PP2,bs128_out500,128,500,112.43013787269592,4191.954300844609,136.6810583847526,572.9607505399567,qwen3_14b_pp2_bs128_out500_20260701_062020.json
6,Qwen3-14B,qwen3_14b,pp2,PP2,bs128_out500,128,500,112.53107476234436,4207.166784817944,136.4023078358918,573.8672588996764,qwen3_14b_pp2_bs128_out500_20260701_105338.json
7,Qwen3-14B,qwen3_14b,pp2,PP2,bs128_out500,128,500,112.41608548164368,4183.040158223489,136.91415258402634,572.7173984881204,qwen3_14b_pp2_bs128_out500_20260701_152844.json
8,Qwen3-14B,qwen3_14b,pp2,PP2,bs128_out500,128,500,112.62523078918457,4199.689507277098,137.2132123227573,576.2528880516685,qwen3_14b_pp2_bs128_out500_20260701_200350.json
9,Qwen3-14B,qwen3_14b,pp2,PP2,bs128_out500,128,500,112.42452883720398,4183.748910178647,136.90071213167732,572.7582051835857,qwen3_14b_pp2_bs128_out500_20260702_004007.json
10,Qwen3-14B,qwen3_14b,pp2,PP2,bs128_out500,128,500,112.51162075996399,4189.380588566955,136.80125523977242,573.112523193096,qwen3_14b_pp2_bs128_out500_20260702_051504.json
1,Qwen3-14B,qwen3_14b,single,Single GPU,bs128_out500,128,500,111.52300119400024,4219.291042763964,103.03442083434926,434.7322089227425,qwen3_14b_single_bs128_out500_20260630_121233.json
2,Qwen3-14B,qwen3_14b,single,Single GPU,bs128_out500,128,500,111.94016742706299,4236.441760809348,103.09284373683958,436.7468284473397,qwen3_14b_single_bs128_out500_20260630_164712.json
3,Qwen3-14B,qwen3_14b,single,Single GPU,bs128_out500,128,500,111.77146983146667,4255.960852239586,102.24711443841329,435.15971630434785,qwen3_14b_single_bs128_out500_20260630_212203.json
4,Qwen3-14B,qwen3_14b,single,Single GPU,bs128_out500,128,500,111.75863647460938,4250.7587331555305,101.87382544799836,433.04105320304114,qwen3_14b_single_bs128_out500_20260701_015632.json
5,Qwen3-14B,qwen3_14b,single,Single GPU,bs128_out500,128,500,111.805584192276,4245.101024504903,102.61171275831414,435.5970869565221,qwen3_14b_single_bs128_out500_20260701_063127.json
6,Qwen3-14B,qwen3_14b,single,Single GPU,bs128_out500,128,500,111.66591548919678,4235.473267988895,102.53647116391957,434.2904826086955,qwen3_14b_single_bs128_out500_20260701_110449.json
7,Qwen3-14B,qwen3_14b,single,Single GPU,bs128_out500,128,500,111.91494655609131,4238.763584292489,102.24835985839286,433.4066243213896,qwen3_14b_single_bs128_out500_20260701_153952.json
8,Qwen3-14B,qwen3_14b,single,Single GPU,bs128_out500,128,500,111.44828057289124,4218.261579123472,102.72376898334024,433.3157279651796,qwen3_14b_single_bs128_out500_20260701_201457.json
9,Qwen3-14B,qwen3_14b,single,Single GPU,bs128_out500,128,500,111.74974179267883,4239.4549857567345,102.49835542826544,434.5371639522258,qwen3_14b_single_bs128_out500_20260702_005120.json
10,Qwen3-14B,qwen3_14b,single,Single GPU,bs128_out500,128,500,111.84948492050171,4224.981459108898,102.95951588481566,435.0020456521742,qwen3_14b_single_bs128_out500_20260702_052612.json
1,Qwen3-14B,qwen3_14b,tp2,TP2,bs128_out500,128,500,71.90223026275635,6516.04266359845,119.81238885659472,780.7026374172187,qwen3_14b_tp2_bs128_out500_20260630_122409.json
2,Qwen3-14B,qwen3_14b,tp2,TP2,bs128_out500,128,500,72.04724192619324,6553.200197221574,119.07047320875076,780.2926485148516,qwen3_14b_tp2_bs128_out500_20260630_165842.json
3,Qwen3-14B,qwen3_14b,tp2,TP2,bs128_out500,128,500,71.95744967460632,6556.527533055335,119.16580593374167,781.3138876033061,qwen3_14b_tp2_bs128_out500_20260630_213400.json
4,Qwen3-14B,qwen3_14b,tp2,TP2,bs128_out500,128,500,71.67251110076904,6591.788019478651,118.38981635690163,780.4005730897018,qwen3_14b_tp2_bs128_out500_20260701_020841.json
5,Qwen3-14B,qwen3_14b,tp2,TP2,bs128_out500,128,500,72.07166576385498,6557.958595665448,118.69223538613578,778.378765289256,qwen3_14b_tp2_bs128_out500_20260701_064308.json
6,Qwen3-14B,qwen3_14b,tp2,TP2,bs128_out500,128,500,71.58804297447205,6559.90833786951,119.0473926065093,780.9399833610655,qwen3_14b_tp2_bs128_out500_20260701_111647.json
7,Qwen3-14B,qwen3_14b,tp2,TP2,bs128_out500,128,500,71.28454804420471,6585.0876926218025,118.73937040242441,781.9091666666665,qwen3_14b_tp2_bs128_out500_20260701_155120.json
8,Qwen3-14B,qwen3_14b,tp2,TP2,bs128_out500,128,500,72.01461625099182,6540.672220738423,119.6098590851425,782.3288826446288,qwen3_14b_tp2_bs128_out500_20260701_202636.json
9,Qwen3-14B,qwen3_14b,tp2,TP2,bs128_out500,128,500,71.72839689254761,6562.47762939905,119.10037257551872,781.5935306799338,qwen3_14b_tp2_bs128_out500_20260702_010322.json
10,Qwen3-14B,qwen3_14b,tp2,TP2,bs128_out500,128,500,71.67619562149048,6558.090812775553,119.56091889729835,784.0913637873753,qwen3_14b_tp2_bs128_out500_20260702_053806.json
1,Qwen3-14B,qwen3_14b,dp2,DP2,bs256_out2000,256,2000,192.6984326839447,6671.040247163907,131.2880817631962,875.8280774152277,qwen3_14b_dp2_bs256_out2000_20260630_115647.json
2,Qwen3-14B,qwen3_14b,dp2,DP2,bs256_out2000,256,2000,193.01355743408203,6660.148733018526,130.88038429968117,871.6828256704993,qwen3_14b_dp2_bs256_out2000_20260630_163141.json
3,Qwen3-14B,qwen3_14b,dp2,DP2,bs256_out2000,256,2000,192.74897480010986,6669.290984987731,131.03690744371417,873.9232655150347,qwen3_14b_dp2_bs256_out2000_20260630_210623.json
4,Qwen3-14B,qwen3_14b,dp2,DP2,bs256_out2000,256,2000,193.05205464363098,6658.820608633238,131.010751286492,872.3770906190164,qwen3_14b_dp2_bs256_out2000_20260701_014104.json
5,Qwen3-14B,qwen3_14b,dp2,DP2,bs256_out2000,256,2000,193.0253872871399,6659.740555721423,130.87171652837839,871.5716781609193,qwen3_14b_dp2_bs256_out2000_20260701_061554.json
6,Qwen3-14B,qwen3_14b,dp2,DP2,bs256_out2000,256,2000,192.98293781280518,6661.2054649460415,130.83727893278277,871.5339974457221,qwen3_14b_dp2_bs256_out2000_20260701_104912.json
7,Qwen3-14B,qwen3_14b,dp2,DP2,bs256_out2000,256,2000,192.76236152648926,6668.827824167052,130.96637791410174,873.3922250639389,qwen3_14b_dp2_bs256_out2000_20260701_152418.json
8,Qwen3-14B,qwen3_14b,dp2,DP2,bs256_out2000,256,2000,193.00378131866455,6660.486085904914,130.90721497837743,871.9056839080461,qwen3_14b_dp2_bs256_out2000_20260701_195923.json
9,Qwen3-14B,qwen3_14b,dp2,DP2,bs256_out2000,256,2000,193.05456519126892,6658.734015051087,130.96088277093273,872.0336847479277,qwen3_14b_dp2_bs256_out2000_20260702_003539.json
10,Qwen3-14B,qwen3_14b,dp2,DP2,bs256_out2000,256,2000,192.65101623535156,6672.682164466622,131.0123896664499,874.2040358514715,qwen3_14b_dp2_bs256_out2000_20260702_051038.json
1,Qwen3-14B,qwen3_14b,pp2,PP2,bs256_out2000,256,2000,329.0654442310333,3994.077843911301,152.44325192322282,608.870214960333,qwen3_14b_pp2_bs256_out2000_20260630_120744.json
2,Qwen3-14B,qwen3_14b,pp2,PP2,bs256_out2000,256,2000,323.2148277759552,3946.3938235041896,153.66896955286813,606.4382723076922,qwen3_14b_pp2_bs256_out2000_20260630_164225.json
3,Qwen3-14B,qwen3_14b,pp2,PP2,bs256_out2000,256,2000,329.8016924858093,3986.632057858748,152.77098675688947,609.0417133157298,qwen3_14b_pp2_bs256_out2000_20260630_211713.json
4,Qwen3-14B,qwen3_14b,pp2,PP2,bs256_out2000,256,2000,319.32343554496765,3938.8903537675906,153.33991532413035,603.9891133177562,qwen3_14b_pp2_bs256_out2000_20260701_015145.json
5,Qwen3-14B,qwen3_14b,pp2,PP2,bs256_out2000,256,2000,323.96056842803955,3981.8395376304416,152.95708651950065,609.0505746641079,qwen3_14b_pp2_bs256_out2000_20260701_062638.json
6,Qwen3-14B,qwen3_14b,pp2,PP2,bs256_out2000,256,2000,327.78423285484314,4001.7544119667346,152.44926181513847,610.0645060698022,qwen3_14b_pp2_bs256_out2000_20260701_110000.json
7,Qwen3-14B,qwen3_14b,pp2,PP2,bs256_out2000,256,2000,325.74370551109314,3934.1819298987425,154.00041852056705,605.8656637404586,qwen3_14b_pp2_bs256_out2000_20260701_153504.json
8,Qwen3-14B,qwen3_14b,pp2,PP2,bs256_out2000,256,2000,327.3779618740082,3984.3091224997925,152.6864595208412,608.3500535510829,qwen3_14b_pp2_bs256_out2000_20260701_201011.json
9,Qwen3-14B,qwen3_14b,pp2,PP2,bs256_out2000,256,2000,329.41056513786316,3998.3417030014684,152.7699855024838,610.8266040015108,qwen3_14b_pp2_bs256_out2000_20260702_004631.json
10,Qwen3-14B,qwen3_14b,pp2,PP2,bs256_out2000,256,2000,324.24419236183167,3961.2151281547303,153.60025954020185,608.4436717791405,qwen3_14b_pp2_bs256_out2000_20260702_052123.json
1,Qwen3-14B,qwen3_14b,single,Single GPU,bs256_out2000,256,2000,375.9087829589844,3463.715292180514,130.93235408436104,453.51239708319514,qwen3_14b_single_bs256_out2000_20260630_121944.json
2,Qwen3-14B,qwen3_14b,single,Single GPU,bs256_out2000,256,2000,368.4561622142792,3476.538409079586,129.15355096389416,449.0072805949958,qwen3_14b_single_bs256_out2000_20260630_165416.json
3,Qwen3-14B,qwen3_14b,single,Single GPU,bs256_out2000,256,2000,397.0819933414459,3296.4904527272956,136.2381378983092,449.10772087912096,qwen3_14b_single_bs256_out2000_20260630_212935.json
4,Qwen3-14B,qwen3_14b,single,Single GPU,bs256_out2000,256,2000,407.70461344718933,3250.4415115519855,138.32687975222473,449.623432110091,qwen3_14b_single_bs256_out2000_20260701_020415.json
5,Qwen3-14B,qwen3_14b,single,Single GPU,bs256_out2000,256,2000,379.53577947616577,3398.6123832127487,133.00966749053885,452.04830302035555,qwen3_14b_single_bs256_out2000_20260701_063842.json
6,Qwen3-14B,qwen3_14b,single,Single GPU,bs256_out2000,256,2000,396.86376953125,3293.3391766745367,135.44741273173963,446.07427072864357,qwen3_14b_single_bs256_out2000_20260701_111221.json
7,Qwen3-14B,qwen3_14b,single,Single GPU,bs256_out2000,256,2000,368.6618130207062,3531.64052802744,128.83020608241566,454.98197703478627,qwen3_14b_single_bs256_out2000_20260701_154655.json
8,Qwen3-14B,qwen3_14b,single,Single GPU,bs256_out2000,256,2000,376.229190826416,3421.6802719966217,131.92580369414316,451.4079198675487,qwen3_14b_single_bs256_out2000_20260701_202210.json
9,Qwen3-14B,qwen3_14b,single,Single GPU,bs256_out2000,256,2000,401.31685423851013,3289.1416995297845,135.51410694613324,445.72510003106567,qwen3_14b_single_bs256_out2000_20260702_005856.json
10,Qwen3-14B,qwen3_14b,single,Single GPU,bs256_out2000,256,2000,392.913321018219,3340.0012923948398,134.143671303933,448.0400355217247,qwen3_14b_single_bs256_out2000_20260702_053340.json
1,Qwen3-14B,qwen3_14b,tp2,TP2,bs256_out2000,256,2000,202.38071036338806,6525.16733254287,132.3143006865311,863.3729524680074,qwen3_14b_tp2_bs256_out2000_20260630_122847.json
2,Qwen3-14B,qwen3_14b,tp2,TP2,bs256_out2000,256,2000,200.41534280776978,6504.990993880423,131.67187165846835,856.5243392857157,qwen3_14b_tp2_bs256_out2000_20260630_170318.json
3,Qwen3-14B,qwen3_14b,tp2,TP2,bs256_out2000,256,2000,200.21847248077393,6464.972906654734,131.90598788948273,852.7686379310335,qwen3_14b_tp2_bs256_out2000_20260630_213836.json
4,Qwen3-14B,qwen3_14b,tp2,TP2,bs256_out2000,256,2000,199.2034194469452,6477.2783699310485,132.41469174301503,857.6868186881186,qwen3_14b_tp2_bs256_out2000_20260701_021315.json
5,Qwen3-14B,qwen3_14b,tp2,TP2,bs256_out2000,256,2000,200.11905312538147,6541.3261733746,131.65189715226342,861.1780006165218,qwen3_14b_tp2_bs256_out2000_20260701_064743.json
6,Qwen3-14B,qwen3_14b,tp2,TP2,bs256_out2000,256,2000,200.07129073143005,6581.1491253260265,130.4488928590879,858.5036171393349,qwen3_14b_tp2_bs256_out2000_20260701_112122.json
7,Qwen3-14B,qwen3_14b,tp2,TP2,bs256_out2000,256,2000,201.27545070648193,6509.537031968527,131.7588290078928,857.6889767156874,qwen3_14b_tp2_bs256_out2000_20260701_155557.json
8,Qwen3-14B,qwen3_14b,tp2,TP2,bs256_out2000,256,2000,196.6075575351715,6487.705844022897,131.74756421347814,854.7394422835638,qwen3_14b_tp2_bs256_out2000_20260701_203108.json
9,Qwen3-14B,qwen3_14b,tp2,TP2,bs256_out2000,256,2000,199.1103961467743,6507.98263213135,131.97400306294838,858.8845198265176,qwen3_14b_tp2_bs256_out2000_20260702_010756.json
10,Qwen3-14B,qwen3_14b,tp2,TP2,bs256_out2000,256,2000,201.87970089912415,6533.871380456968,131.6058902313754,859.8959596823452,qwen3_14b_tp2_bs256_out2000_20260702_054243.json
1,Qwen3-14B,qwen3_14b,dp2,DP2,bs256_out500,256,500,32.99768877029419,14329.15508996676,78.14614582734906,1119.7682432432434,qwen3_14b_dp2_bs256_out500_20260630_115826.json
2,Qwen3-14B,qwen3_14b,dp2,DP2,bs256_out500,256,500,32.91766119003296,14363.991331898345,77.83555712079728,1118.0292677966106,qwen3_14b_dp2_bs256_out500_20260630_163321.json
3,Qwen3-14B,qwen3_14b,dp2,DP2,bs256_out500,256,500,32.99038553237915,14332.327202903749,77.98673065388584,1117.7313412162157,qwen3_14b_dp2_bs256_out500_20260630_210803.json
4,Qwen3-14B,qwen3_14b,dp2,DP2,bs256_out500,256,500,33.00063920021057,14327.873988482714,78.37239294349655,1122.9097702702702,qwen3_14b_dp2_bs256_out500_20260701_014244.json
5,Qwen3-14B,qwen3_14b,dp2,DP2,bs256_out500,256,500,32.98471117019653,14334.792794160541,77.73890990558948,1114.3711655405396,qwen3_14b_dp2_bs256_out500_20260701_061734.json
6,Qwen3-14B,qwen3_14b,dp2,DP2,bs256_out500,256,500,32.967710971832275,14342.184703208139,77.90796088513106,1117.3703648648648,qwen3_14b_dp2_bs256_out500_20260701_105052.json
7,Qwen3-14B,qwen3_14b,dp2,DP2,bs256_out500,256,500,32.99599051475525,14329.892590693977,77.95447804142955,1117.0792972972977,qwen3_14b_dp2_bs256_out500_20260701_152558.json
8,Qwen3-14B,qwen3_14b,dp2,DP2,bs256_out500,256,500,32.985684394836426,14334.369853912038,77.38810478044635,1109.3097162162164,qwen3_14b_dp2_bs256_out500_20260701_200103.json
9,Qwen3-14B,qwen3_14b,dp2,DP2,bs256_out500,256,500,32.97341585159302,14339.703296986641,78.42511958962699,1124.5929459459458,qwen3_14b_dp2_bs256_out500_20260702_003721.json
10,Qwen3-14B,qwen3_14b,dp2,DP2,bs256_out500,256,500,32.99008297920227,14332.458645165658,78.05253639279354,1118.6847500000008,qwen3_14b_dp2_bs256_out500_20260702_051218.json
1,Qwen3-14B,qwen3_14b,pp2,PP2,bs256_out500,256,500,66.41948223114014,7148.218926907013,95.39304573244931,681.8903750000004,qwen3_14b_pp2_bs256_out500_20260630_120945.json
2,Qwen3-14B,qwen3_14b,pp2,PP2,bs256_out500,256,500,66.1631772518158,7100.822837027621,98.59632643949155,700.1150464285719,qwen3_14b_pp2_bs256_out500_20260630_164425.json
3,Qwen3-14B,qwen3_14b,pp2,PP2,bs256_out500,256,500,66.48291158676147,7200.737581645373,97.3824173137867,701.2252321428571,qwen3_14b_pp2_bs256_out500_20260630_211914.json
4,Qwen3-14B,qwen3_14b,pp2,PP2,bs256_out500,256,500,66.46238541603088,7127.189267054879,97.61509020536705,695.7212232142858,qwen3_14b_pp2_bs256_out500_20260701_015345.json
5,Qwen3-14B,qwen3_14b,pp2,PP2,bs256_out500,256,500,66.14252877235413,7122.845297032509,100.04338402561692,712.5935474060826,qwen3_14b_pp2_bs256_out500_20260701_062839.json
6,Qwen3-14B,qwen3_14b,pp2,PP2,bs256_out500,256,500,66.24901223182678,7112.332457896441,98.06535019885334,697.4733732142859,qwen3_14b_pp2_bs256_out500_20260701_110201.json
7,Qwen3-14B,qwen3_14b,pp2,PP2,bs256_out500,256,500,66.24273991584778,7104.174745758283,98.42358945195055,699.2183785714285,qwen3_14b_pp2_bs256_out500_20260701_153704.json
8,Qwen3-14B,qwen3_14b,pp2,PP2,bs256_out500,256,500,66.03940963745117,7088.858040525455,97.89210690026806,693.9432491039427,qwen3_14b_pp2_bs256_out500_20260701_201209.json
9,Qwen3-14B,qwen3_14b,pp2,PP2,bs256_out500,256,500,66.2501289844513,7129.420081745852,96.48874472088022,687.9087942754925,qwen3_14b_pp2_bs256_out500_20260702_004831.json
10,Qwen3-14B,qwen3_14b,pp2,PP2,bs256_out500,256,500,66.38298320770264,7179.626117566496,97.89981710317885,702.884083778966,qwen3_14b_pp2_bs256_out500_20260702_052324.json
1,Qwen3-14B,qwen3_14b,single,Single GPU,bs256_out500,256,500,65.61736917495728,7169.671779214643,77.51153629923981,555.7322743682311,qwen3_14b_single_bs256_out500_20260630_122145.json
2,Qwen3-14B,qwen3_14b,single,Single GPU,bs256_out500,256,500,65.72927641868591,7187.7103437227415,77.29024001959512,555.5398576576571,qwen3_14b_single_bs256_out500_20260630_165617.json
3,Qwen3-14B,qwen3_14b,single,Single GPU,bs256_out500,256,500,65.65611934661865,7228.66359941882,77.48726523824446,560.129373646209,qwen3_14b_single_bs256_out500_20260630_213135.json
4,Qwen3-14B,qwen3_14b,single,Single GPU,bs256_out500,256,500,65.85611915588379,7203.658613363876,77.6048810956675,559.0390701438846,qwen3_14b_single_bs256_out500_20260701_020616.json
5,Qwen3-14B,qwen3_14b,single,Single GPU,bs256_out500,256,500,65.82741713523865,7197.639230270892,77.33907851958777,556.6587855855857,qwen3_14b_single_bs256_out500_20260701_064043.json
6,Qwen3-14B,qwen3_14b,single,Single GPU,bs256_out500,256,500,65.5483169555664,7181.984555287993,77.23028452639663,554.6667106690778,qwen3_14b_single_bs256_out500_20260701_111422.json
7,Qwen3-14B,qwen3_14b,single,Single GPU,bs256_out500,256,500,65.92529368400574,7190.366147963094,77.53337341285572,557.4933435251796,qwen3_14b_single_bs256_out500_20260701_154856.json
8,Qwen3-14B,qwen3_14b,single,Single GPU,bs256_out500,256,500,65.8638527393341,7228.016282073527,77.75748290881728,562.0323525179853,qwen3_14b_single_bs256_out500_20260701_202411.json
9,Qwen3-14B,qwen3_14b,single,Single GPU,bs256_out500,256,500,65.87258124351501,7216.857014340868,77.5213559386285,559.4605413669062,qwen3_14b_single_bs256_out500_20260702_010057.json
10,Qwen3-14B,qwen3_14b,single,Single GPU,bs256_out500,256,500,65.77316164970398,7234.4705357818475,77.67046319399384,561.904677477477,qwen3_14b_single_bs256_out500_20260702_053541.json
1,Qwen3-14B,qwen3_14b,tp2,TP2,bs256_out500,256,500,45.206843852996826,10465.848966110376,90.23952011474167,944.4331882951653,qwen3_14b_tp2_bs256_out500_20260630_123047.json
2,Qwen3-14B,qwen3_14b,tp2,TP2,bs256_out500,256,500,45.24875617027283,10464.729642913077,90.2103679858181,944.0271119592874,qwen3_14b_tp2_bs256_out500_20260630_170519.json
3,Qwen3-14B,qwen3_14b,tp2,TP2,bs256_out500,256,500,45.21969437599182,10493.657830910366,89.97073660062611,944.1221246819341,qwen3_14b_tp2_bs256_out500_20260630_214036.json
4,Qwen3-14B,qwen3_14b,tp2,TP2,bs256_out500,256,500,45.02132797241211,10473.01404101026,89.50629883805352,937.400724489795,qwen3_14b_tp2_bs256_out500_20260701_021515.json
5,Qwen3-14B,qwen3_14b,tp2,TP2,bs256_out500,256,500,44.71421670913696,10508.290977262857,90.26434013706711,948.5239510309277,qwen3_14b_tp2_bs256_out500_20260701_064943.json
6,Qwen3-14B,qwen3_14b,tp2,TP2,bs256_out500,256,500,45.00347352027893,10586.471726128377,89.69855799436587,949.5912480818407,qwen3_14b_tp2_bs256_out500_20260701_112323.json
7,Qwen3-14B,qwen3_14b,tp2,TP2,bs256_out500,256,500,45.12491965293884,10518.467482059836,90.22042901910679,948.9806488549624,qwen3_14b_tp2_bs256_out500_20260701_155757.json
8,Qwen3-14B,qwen3_14b,tp2,TP2,bs256_out500,256,500,45.113675117492676,10472.85548715586,90.44864521357371,947.2555903307891,qwen3_14b_tp2_bs256_out500_20260701_203309.json
9,Qwen3-14B,qwen3_14b,tp2,TP2,bs256_out500,256,500,44.98112773895264,10433.642364941912,90.87136388786301,948.11931202046,qwen3_14b_tp2_bs256_out500_20260702_010957.json
10,Qwen3-14B,qwen3_14b,tp2,TP2,bs256_out500,256,500,44.9822633266449,10448.295955833024,90.56328580159193,946.2320127877232,qwen3_14b_tp2_bs256_out500_20260702_054442.json
