run_id,model_name,config,workload,duration,throughput,mj_per_token,gpu_avg_power,source_file
1,Qwen3-14B,DP2,bs128_out500,54.62,8653.81,100.74,871.79,qwen3_14b_dp2_bs128_out500_noeager_20260725_150654.json
2,Qwen3-14B,DP2,bs128_out500,54.17,8649.19,100.38,868.2,qwen3_14b_dp2_bs128_out500_noeager_20260725_174519.json
3,Qwen3-14B,DP2,bs128_out500,54.28,8748.07,99.83,873.32,qwen3_14b_dp2_bs128_out500_noeager_20260725_202211.json
4,Qwen3-14B,DP2,bs128_out500,54.32,8702.78,100.1,871.17,qwen3_14b_dp2_bs128_out500_noeager_20260725_225801.json
5,Qwen3-14B,DP2,bs128_out500,54.25,8701.56,100.24,872.25,qwen3_14b_dp2_bs128_out500_noeager_20260726_013325.json
6,Qwen3-14B,DP2,bs128_out500,54.32,8702.54,99.95,869.81,qwen3_14b_dp2_bs128_out500_noeager_20260726_040852.json
7,Qwen3-14B,DP2,bs128_out500,54.21,8636.15,100.82,870.72,qwen3_14b_dp2_bs128_out500_noeager_20260726_064425.json
8,Qwen3-14B,DP2,bs128_out500,54.31,8743.04,100.1,875.18,qwen3_14b_dp2_bs128_out500_noeager_20260726_092015.json
9,Qwen3-14B,DP2,bs128_out500,54.29,8747.34,99.56,870.87,qwen3_14b_dp2_bs128_out500_noeager_20260726_115611.json
10,Qwen3-14B,DP2,bs128_out500,54.15,8638.5,101.05,872.95,qwen3_14b_dp2_bs128_out500_noeager_20260726_143126.json
1,Qwen3-14B,PP2,bs128_out500,108.87,4329.28,129.57,560.94,qwen3_14b_pp2_bs128_out500_noeager_20260725_151653.json
2,Qwen3-14B,PP2,bs128_out500,108.79,4323.94,130.43,563.99,qwen3_14b_pp2_bs128_out500_noeager_20260725_175510.json
3,Qwen3-14B,PP2,bs128_out500,108.84,4333.12,130.88,567.11,qwen3_14b_pp2_bs128_out500_noeager_20260725_203206.json
4,Qwen3-14B,PP2,bs128_out500,108.9,4341.73,130.27,565.6,qwen3_14b_pp2_bs128_out500_noeager_20260725_230747.json
5,Qwen3-14B,PP2,bs128_out500,108.95,4343.29,130.25,565.72,qwen3_14b_pp2_bs128_out500_noeager_20260726_014318.json
6,Qwen3-14B,PP2,bs128_out500,108.72,4339.43,130.03,564.24,qwen3_14b_pp2_bs128_out500_noeager_20260726_041835.json
7,Qwen3-14B,PP2,bs128_out500,108.88,4328.91,130.64,565.55,qwen3_14b_pp2_bs128_out500_noeager_20260726_065422.json
8,Qwen3-14B,PP2,bs128_out500,108.82,4333.23,130.5,565.48,qwen3_14b_pp2_bs128_out500_noeager_20260726_093009.json
9,Qwen3-14B,PP2,bs128_out500,108.72,4322.8,131.16,566.96,qwen3_14b_pp2_bs128_out500_noeager_20260726_120604.json
10,Qwen3-14B,PP2,bs128_out500,108.91,4351.77,130.31,567.08,qwen3_14b_pp2_bs128_out500_noeager_20260726_144116.json
1,Qwen3-14B,Single GPU,bs128_out500,108.71,4354.09,100.47,437.47,qwen3_14b_single_bs128_out500_noeager_20260725_152908.json
2,Qwen3-14B,Single GPU,bs128_out500,108.59,4371.82,100.38,438.84,qwen3_14b_single_bs128_out500_noeager_20260725_180721.json
3,Qwen3-14B,Single GPU,bs128_out500,108.47,4315.33,101.23,436.83,qwen3_14b_single_bs128_out500_noeager_20260725_204418.json
4,Qwen3-14B,Single GPU,bs128_out500,108.41,4348.78,100.49,437.01,qwen3_14b_single_bs128_out500_noeager_20260725_231956.json
5,Qwen3-14B,Single GPU,bs128_out500,108.51,4362.83,100.2,437.16,qwen3_14b_single_bs128_out500_noeager_20260726_015523.json
6,Qwen3-14B,Single GPU,bs128_out500,108.64,4368.65,99.9,436.42,qwen3_14b_single_bs128_out500_noeager_20260726_043046.json
7,Qwen3-14B,Single GPU,bs128_out500,108.5,4311.83,101.1,435.91,qwen3_14b_single_bs128_out500_noeager_20260726_070630.json
8,Qwen3-14B,Single GPU,bs128_out500,108.63,4361.44,100.16,436.86,qwen3_14b_single_bs128_out500_noeager_20260726_094218.json
9,Qwen3-14B,Single GPU,bs128_out500,108.64,4386.27,99.62,436.95,qwen3_14b_single_bs128_out500_noeager_20260726_121811.json
10,Qwen3-14B,Single GPU,bs128_out500,108.25,4317.84,101.24,437.16,qwen3_14b_single_bs128_out500_noeager_20260726_145324.json
1,Qwen3-14B,TP2,bs128_out500,65.91,7182.42,111.21,798.75,qwen3_14b_tp2_bs128_out500_noeager_20260725_154222.json
2,Qwen3-14B,TP2,bs128_out500,65.91,7156.59,111.78,799.95,qwen3_14b_tp2_bs128_out500_noeager_20260725_182028.json
3,Qwen3-14B,TP2,bs128_out500,65.77,7135.95,111.25,793.87,qwen3_14b_tp2_bs128_out500_noeager_20260725_205731.json
4,Qwen3-14B,TP2,bs128_out500,65.93,7165.15,111.45,798.54,qwen3_14b_tp2_bs128_out500_noeager_20260725_233249.json
5,Qwen3-14B,TP2,bs128_out500,65.93,7186.34,110.72,795.68,qwen3_14b_tp2_bs128_out500_noeager_20260726_020814.json
6,Qwen3-14B,TP2,bs128_out500,65.81,7147.27,111.73,798.58,qwen3_14b_tp2_bs128_out500_noeager_20260726_044348.json
7,Qwen3-14B,TP2,bs128_out500,65.93,7147.47,111.72,798.51,qwen3_14b_tp2_bs128_out500_noeager_20260726_071938.json
8,Qwen3-14B,TP2,bs128_out500,65.94,7171.18,111.29,798.06,qwen3_14b_tp2_bs128_out500_noeager_20260726_095530.json
9,Qwen3-14B,TP2,bs128_out500,65.84,7173.56,111.22,797.82,qwen3_14b_tp2_bs128_out500_noeager_20260726_123109.json
10,Qwen3-14B,TP2,bs128_out500,65.91,7159.3,111.53,798.45,qwen3_14b_tp2_bs128_out500_noeager_20260726_150627.json
1,Qwen3-14B,DP2,bs256_out2000,216.94,5971.02,145.34,867.81,qwen3_14b_dp2_bs256_out2000_noeager_20260725_151149.json
2,Qwen3-14B,DP2,bs256_out2000,217.38,5965.9,144.97,864.89,qwen3_14b_dp2_bs256_out2000_noeager_20260725_175014.json
3,Qwen3-14B,DP2,bs256_out2000,219.09,6050.12,145.15,878.16,qwen3_14b_dp2_bs256_out2000_noeager_20260725_202709.json
4,Qwen3-14B,DP2,bs256_out2000,211.48,6077.25,144.19,876.3,qwen3_14b_dp2_bs256_out2000_noeager_20260725_230250.json
5,Qwen3-14B,DP2,bs256_out2000,218.55,5940.43,146.68,871.36,qwen3_14b_dp2_bs256_out2000_noeager_20260726_013821.json
6,Qwen3-14B,DP2,bs256_out2000,207.9,6171.96,141.54,873.6,qwen3_14b_dp2_bs256_out2000_noeager_20260726_041338.json
7,Qwen3-14B,DP2,bs256_out2000,222.28,5973.35,145.82,871.04,qwen3_14b_dp2_bs256_out2000_noeager_20260726_064925.json
8,Qwen3-14B,DP2,bs256_out2000,217.52,6034.26,144.62,872.69,qwen3_14b_dp2_bs256_out2000_noeager_20260726_092511.json
9,Qwen3-14B,DP2,bs256_out2000,218.14,5940.26,146.41,869.69,qwen3_14b_dp2_bs256_out2000_noeager_20260726_120107.json
10,Qwen3-14B,DP2,bs256_out2000,214.9,5953.52,145.86,868.4,qwen3_14b_dp2_bs256_out2000_noeager_20260726_143619.json
1,Qwen3-14B,PP2,bs256_out2000,324.69,4113.32,145.23,597.37,qwen3_14b_pp2_bs256_out2000_noeager_20260725_152338.json
2,Qwen3-14B,PP2,bs256_out2000,319.87,4066.85,146.14,594.35,qwen3_14b_pp2_bs256_out2000_noeager_20260725_180150.json
3,Qwen3-14B,PP2,bs256_out2000,323.22,4107.72,146.06,599.98,qwen3_14b_pp2_bs256_out2000_noeager_20260725_203847.json
4,Qwen3-14B,PP2,bs256_out2000,320.01,4077.03,146.23,596.17,qwen3_14b_pp2_bs256_out2000_noeager_20260725_231426.json
5,Qwen3-14B,PP2,bs256_out2000,315.86,4021.46,147.52,593.25,qwen3_14b_pp2_bs256_out2000_noeager_20260726_014953.json
6,Qwen3-14B,PP2,bs256_out2000,322.01,4067.12,146.61,596.27,qwen3_14b_pp2_bs256_out2000_noeager_20260726_042516.json
7,Qwen3-14B,PP2,bs256_out2000,319.55,4044.57,147.11,595.0,qwen3_14b_pp2_bs256_out2000_noeager_20260726_070101.json
8,Qwen3-14B,PP2,bs256_out2000,319.55,4048.64,146.93,594.85,qwen3_14b_pp2_bs256_out2000_noeager_20260726_093647.json
9,Qwen3-14B,PP2,bs256_out2000,318.79,4042.72,147.32,595.56,qwen3_14b_pp2_bs256_out2000_noeager_20260726_121242.json
10,Qwen3-14B,PP2,bs256_out2000,317.11,4017.97,147.41,592.28,qwen3_14b_pp2_bs256_out2000_noeager_20260726_144752.json
1,Qwen3-14B,Single GPU,bs256_out2000,428.14,3080.35,143.52,442.1,qwen3_14b_single_bs256_out2000_noeager_20260725_153732.json
2,Qwen3-14B,Single GPU,bs256_out2000,423.81,3071.15,143.49,440.68,qwen3_14b_single_bs256_out2000_noeager_20260725_181540.json
3,Qwen3-14B,Single GPU,bs256_out2000,430.33,3061.89,144.28,441.75,qwen3_14b_single_bs256_out2000_noeager_20260725_205243.json
4,Qwen3-14B,Single GPU,bs256_out2000,411.07,3130.17,141.05,441.51,qwen3_14b_single_bs256_out2000_noeager_20260725_232801.json
5,Qwen3-14B,Single GPU,bs256_out2000,406.46,3078.68,143.14,440.7,qwen3_14b_single_bs256_out2000_noeager_20260726_020325.json
6,Qwen3-14B,Single GPU,bs256_out2000,418.87,3090.99,142.78,441.32,qwen3_14b_single_bs256_out2000_noeager_20260726_043859.json
7,Qwen3-14B,Single GPU,bs256_out2000,423.79,3090.54,142.4,440.1,qwen3_14b_single_bs256_out2000_noeager_20260726_071449.json
8,Qwen3-14B,Single GPU,bs256_out2000,428.27,3047.3,144.44,440.14,qwen3_14b_single_bs256_out2000_noeager_20260726_095041.json
9,Qwen3-14B,Single GPU,bs256_out2000,415.78,3114.28,141.49,440.64,qwen3_14b_single_bs256_out2000_noeager_20260726_122621.json
10,Qwen3-14B,Single GPU,bs256_out2000,418.65,3107.23,141.73,440.38,qwen3_14b_single_bs256_out2000_noeager_20260726_150138.json
1,Qwen3-14B,TP2,bs256_out2000,187.78,6874.52,125.83,865.0,qwen3_14b_tp2_bs256_out2000_noeager_20260725_154655.json
2,Qwen3-14B,TP2,bs256_out2000,191.78,6933.13,125.23,868.25,qwen3_14b_tp2_bs256_out2000_noeager_20260725_182506.json
3,Qwen3-14B,TP2,bs256_out2000,187.44,6827.79,126.14,861.26,qwen3_14b_tp2_bs256_out2000_noeager_20260725_210204.json
4,Qwen3-14B,TP2,bs256_out2000,187.8,6882.95,125.58,864.39,qwen3_14b_tp2_bs256_out2000_noeager_20260725_233723.json
5,Qwen3-14B,TP2,bs256_out2000,188.28,6829.17,126.09,861.07,qwen3_14b_tp2_bs256_out2000_noeager_20260726_021248.json
6,Qwen3-14B,TP2,bs256_out2000,187.04,6823.16,126.1,860.37,qwen3_14b_tp2_bs256_out2000_noeager_20260726_044820.json
7,Qwen3-14B,TP2,bs256_out2000,188.9,6854.82,125.95,863.37,qwen3_14b_tp2_bs256_out2000_noeager_20260726_072413.json
8,Qwen3-14B,TP2,bs256_out2000,186.57,6826.13,126.22,861.6,qwen3_14b_tp2_bs256_out2000_noeager_20260726_100002.json
9,Qwen3-14B,TP2,bs256_out2000,186.78,6848.54,125.77,861.36,qwen3_14b_tp2_bs256_out2000_noeager_20260726_123541.json
10,Qwen3-14B,TP2,bs256_out2000,188.6,6889.53,125.47,864.41,qwen3_14b_tp2_bs256_out2000_noeager_20260726_151100.json
1,Qwen3-14B,DP2,bs256_out500,32.38,14600.98,77.48,1131.34,qwen3_14b_dp2_bs256_out500_noeager_20260725_151340.json
2,Qwen3-14B,DP2,bs256_out500,32.38,14618.3,76.69,1121.06,qwen3_14b_dp2_bs256_out500_noeager_20260725_175204.json
3,Qwen3-14B,DP2,bs256_out500,32.39,14605.17,76.76,1121.09,qwen3_14b_dp2_bs256_out500_noeager_20260725_202859.json
4,Qwen3-14B,DP2,bs256_out500,32.38,14602.53,77.05,1125.09,qwen3_14b_dp2_bs256_out500_noeager_20260725_230440.json
5,Qwen3-14B,DP2,bs256_out500,32.42,14567.6,76.79,1118.64,qwen3_14b_dp2_bs256_out500_noeager_20260726_014011.json
6,Qwen3-14B,DP2,bs256_out500,32.41,14585.88,76.82,1120.47,qwen3_14b_dp2_bs256_out500_noeager_20260726_041528.json
7,Qwen3-14B,DP2,bs256_out500,32.38,14609.22,76.86,1122.82,qwen3_14b_dp2_bs256_out500_noeager_20260726_065115.json
8,Qwen3-14B,DP2,bs256_out500,32.35,14601.14,77.12,1126.05,qwen3_14b_dp2_bs256_out500_noeager_20260726_092702.json
9,Qwen3-14B,DP2,bs256_out500,32.41,14567.21,77.19,1124.5,qwen3_14b_dp2_bs256_out500_noeager_20260726_120257.json
10,Qwen3-14B,DP2,bs256_out500,32.38,14621.97,77.04,1126.41,qwen3_14b_dp2_bs256_out500_noeager_20260726_143809.json
1,Qwen3-14B,PP2,bs256_out500,64.76,7281.19,94.89,690.91,qwen3_14b_pp2_bs256_out500_noeager_20260725_152602.json
2,Qwen3-14B,PP2,bs256_out500,64.7,7305.1,94.74,692.06,qwen3_14b_pp2_bs256_out500_noeager_20260725_180414.json
3,Qwen3-14B,PP2,bs256_out500,64.75,7315.82,93.62,684.9,qwen3_14b_pp2_bs256_out500_noeager_20260725_204112.json
4,Qwen3-14B,PP2,bs256_out500,64.77,7333.07,93.79,687.8,qwen3_14b_pp2_bs256_out500_noeager_20260725_231650.json
5,Qwen3-14B,PP2,bs256_out500,65.08,7332.35,93.76,687.52,qwen3_14b_pp2_bs256_out500_noeager_20260726_015218.json
6,Qwen3-14B,PP2,bs256_out500,64.88,7292.62,94.6,689.85,qwen3_14b_pp2_bs256_out500_noeager_20260726_042740.json
7,Qwen3-14B,PP2,bs256_out500,64.95,7326.04,94.6,693.07,qwen3_14b_pp2_bs256_out500_noeager_20260726_070324.json
8,Qwen3-14B,PP2,bs256_out500,65.05,7321.38,94.28,690.23,qwen3_14b_pp2_bs256_out500_noeager_20260726_093912.json
9,Qwen3-14B,PP2,bs256_out500,64.82,7336.57,91.92,674.41,qwen3_14b_pp2_bs256_out500_noeager_20260726_121506.json
10,Qwen3-14B,PP2,bs256_out500,64.93,7274.85,94.66,688.65,qwen3_14b_pp2_bs256_out500_noeager_20260726_145017.json
1,Qwen3-14B,Single GPU,bs256_out500,64.52,7328.03,76.79,562.7,qwen3_14b_single_bs256_out500_noeager_20260725_153952.json
2,Qwen3-14B,Single GPU,bs256_out500,64.42,7337.14,76.61,562.13,qwen3_14b_single_bs256_out500_noeager_20260725_181759.json
3,Qwen3-14B,Single GPU,bs256_out500,64.4,7333.16,76.73,562.69,qwen3_14b_single_bs256_out500_noeager_20260725_205502.json
4,Qwen3-14B,Single GPU,bs256_out500,64.31,7305.98,77.09,563.21,qwen3_14b_single_bs256_out500_noeager_20260725_233020.json
5,Qwen3-14B,Single GPU,bs256_out500,64.42,7297.35,76.78,560.31,qwen3_14b_single_bs256_out500_noeager_20260726_020544.json
6,Qwen3-14B,Single GPU,bs256_out500,64.48,7312.59,77.4,566.02,qwen3_14b_single_bs256_out500_noeager_20260726_044118.json
7,Qwen3-14B,Single GPU,bs256_out500,64.35,7293.12,76.9,560.82,qwen3_14b_single_bs256_out500_noeager_20260726_071709.json
8,Qwen3-14B,Single GPU,bs256_out500,64.43,7287.69,77.23,562.82,qwen3_14b_single_bs256_out500_noeager_20260726_095301.json
9,Qwen3-14B,Single GPU,bs256_out500,64.37,7302.36,77.44,565.5,qwen3_14b_single_bs256_out500_noeager_20260726_122840.json
10,Qwen3-14B,Single GPU,bs256_out500,64.49,7354.13,76.52,562.75,qwen3_14b_single_bs256_out500_noeager_20260726_150357.json
1,Qwen3-14B,TP2,bs256_out500,42.04,11323.34,85.86,972.25,qwen3_14b_tp2_bs256_out500_noeager_20260725_154904.json
2,Qwen3-14B,TP2,bs256_out500,41.93,11236.11,86.23,968.86,qwen3_14b_tp2_bs256_out500_noeager_20260725_182714.json
3,Qwen3-14B,TP2,bs256_out500,41.84,11162.53,87.1,972.22,qwen3_14b_tp2_bs256_out500_noeager_20260725_210412.json
4,Qwen3-14B,TP2,bs256_out500,41.92,11232.31,86.01,966.11,qwen3_14b_tp2_bs256_out500_noeager_20260725_233930.json
5,Qwen3-14B,TP2,bs256_out500,42.11,11286.86,86.1,971.75,qwen3_14b_tp2_bs256_out500_noeager_20260726_021456.json
6,Qwen3-14B,TP2,bs256_out500,41.77,11177.57,86.46,966.45,qwen3_14b_tp2_bs256_out500_noeager_20260726_045028.json
7,Qwen3-14B,TP2,bs256_out500,42.01,11257.01,86.57,974.57,qwen3_14b_tp2_bs256_out500_noeager_20260726_072621.json
8,Qwen3-14B,TP2,bs256_out500,41.96,11255.9,86.06,968.64,qwen3_14b_tp2_bs256_out500_noeager_20260726_100210.json
9,Qwen3-14B,TP2,bs256_out500,41.94,11247.05,85.88,965.91,qwen3_14b_tp2_bs256_out500_noeager_20260726_123749.json
10,Qwen3-14B,TP2,bs256_out500,41.94,11256.31,85.68,964.42,qwen3_14b_tp2_bs256_out500_noeager_20260726_151308.json
1,Qwen3.5-27B,PP2,bs128_out500,261.89,1214.68,428.55,520.55,qwen3.5_27b_pp2_bs128_out500_noeager_20260725_155554.json
2,Qwen3.5-27B,PP2,bs128_out500,260.97,1215.5,429.33,521.85,qwen3.5_27b_pp2_bs128_out500_noeager_20260725_183308.json
3,Qwen3.5-27B,PP2,bs128_out500,259.97,1205.95,431.23,520.04,qwen3.5_27b_pp2_bs128_out500_noeager_20260725_211005.json
4,Qwen3.5-27B,PP2,bs128_out500,260.98,1218.76,427.8,521.39,qwen3.5_27b_pp2_bs128_out500_noeager_20260725_234524.json
5,Qwen3.5-27B,PP2,bs128_out500,259.44,1206.65,430.52,519.49,qwen3.5_27b_pp2_bs128_out500_noeager_20260726_022049.json
6,Qwen3.5-27B,PP2,bs128_out500,260.59,1222.54,425.23,519.86,qwen3.5_27b_pp2_bs128_out500_noeager_20260726_045622.json
7,Qwen3.5-27B,PP2,bs128_out500,261.99,1228.48,424.71,521.75,qwen3.5_27b_pp2_bs128_out500_noeager_20260726_073217.json
8,Qwen3.5-27B,PP2,bs128_out500,259.65,1211.81,428.88,519.72,qwen3.5_27b_pp2_bs128_out500_noeager_20260726_100803.json
9,Qwen3.5-27B,PP2,bs128_out500,259.64,1211.8,430.0,521.07,qwen3.5_27b_pp2_bs128_out500_noeager_20260726_124342.json
10,Qwen3.5-27B,PP2,bs128_out500,261.08,1224.25,426.01,521.54,qwen3.5_27b_pp2_bs128_out500_noeager_20260726_151902.json
1,Qwen3.5-27B,PP2 × DP2,bs128_out500,130.28,2418.66,428.75,1037.0,qwen3.5_27b_pp2_dp2_bs128_out500_noeager_20260725_161526.json
2,Qwen3.5-27B,PP2 × DP2,bs128_out500,131.17,2446.09,425.23,1040.14,qwen3.5_27b_pp2_dp2_bs128_out500_noeager_20260725_185254.json
3,Qwen3.5-27B,PP2 × DP2,bs128_out500,131.51,2463.05,422.52,1040.7,qwen3.5_27b_pp2_dp2_bs128_out500_noeager_20260725_212942.json
4,Qwen3.5-27B,PP2 × DP2,bs128_out500,131.49,2409.55,430.37,1036.99,qwen3.5_27b_pp2_dp2_bs128_out500_noeager_20260726_000505.json
5,Qwen3.5-27B,PP2 × DP2,bs128_out500,130.39,2416.41,429.47,1037.77,qwen3.5_27b_pp2_dp2_bs128_out500_noeager_20260726_024018.json
6,Qwen3.5-27B,PP2 × DP2,bs128_out500,130.48,2438.86,425.94,1038.8,qwen3.5_27b_pp2_dp2_bs128_out500_noeager_20260726_051557.json
7,Qwen3.5-27B,PP2 × DP2,bs128_out500,131.38,2430.4,426.05,1035.47,qwen3.5_27b_pp2_dp2_bs128_out500_noeager_20260726_075155.json
8,Qwen3.5-27B,PP2 × DP2,bs128_out500,130.74,2424.17,427.96,1037.45,qwen3.5_27b_pp2_dp2_bs128_out500_noeager_20260726_102742.json
9,Qwen3.5-27B,PP2 × DP2,bs128_out500,131.24,2450.3,423.68,1038.14,qwen3.5_27b_pp2_dp2_bs128_out500_noeager_20260726_130309.json
10,Qwen3.5-27B,PP2 × DP2,bs128_out500,130.39,2412.34,428.47,1033.62,qwen3.5_27b_pp2_dp2_bs128_out500_noeager_20260726_153842.json
1,Qwen3.5-27B,PP4,bs128_out500,261.54,1200.3,659.94,792.13,qwen3.5_27b_pp4_bs128_out500_noeager_20260725_163151.json
2,Qwen3.5-27B,PP4,bs128_out500,262.31,1211.33,653.5,791.6,qwen3.5_27b_pp4_bs128_out500_noeager_20260725_190956.json
3,Qwen3.5-27B,PP4,bs128_out500,260.63,1200.54,657.68,789.57,qwen3.5_27b_pp4_bs128_out500_noeager_20260725_214531.json
4,Qwen3.5-27B,PP4,bs128_out500,260.84,1199.31,657.97,789.11,qwen3.5_27b_pp4_bs128_out500_noeager_20260726_002056.json
5,Qwen3.5-27B,PP4,bs128_out500,261.34,1191.48,664.4,791.62,qwen3.5_27b_pp4_bs128_out500_noeager_20260726_025611.json
6,Qwen3.5-27B,PP4,bs128_out500,263.7,1221.15,646.72,789.74,qwen3.5_27b_pp4_bs128_out500_noeager_20260726_053156.json
7,Qwen3.5-27B,PP4,bs128_out500,262.14,1200.87,658.22,790.44,qwen3.5_27b_pp4_bs128_out500_noeager_20260726_080747.json
8,Qwen3.5-27B,PP4,bs128_out500,262.26,1213.71,652.15,791.52,qwen3.5_27b_pp4_bs128_out500_noeager_20260726_104334.json
9,Qwen3.5-27B,PP4,bs128_out500,260.36,1201.37,657.64,790.07,qwen3.5_27b_pp4_bs128_out500_noeager_20260726_131903.json
10,Qwen3.5-27B,PP4,bs128_out500,261.64,1200.45,655.45,786.83,qwen3.5_27b_pp4_bs128_out500_noeager_20260726_155433.json
1,Qwen3.5-27B,TP2,bs128_out500,143.5,2180.24,345.71,753.74,qwen3.5_27b_tp2_bs128_out500_noeager_20260725_165559.json
2,Qwen3.5-27B,TP2,bs128_out500,144.2,2196.74,345.59,759.18,qwen3.5_27b_tp2_bs128_out500_noeager_20260725_193334.json
3,Qwen3.5-27B,TP2,bs128_out500,144.86,2198.41,346.04,760.74,qwen3.5_27b_tp2_bs128_out500_noeager_20260725_220919.json
4,Qwen3.5-27B,TP2,bs128_out500,144.45,2188.89,347.16,759.88,qwen3.5_27b_tp2_bs128_out500_noeager_20260726_004446.json
5,Qwen3.5-27B,TP2,bs128_out500,143.94,2194.48,345.74,758.72,qwen3.5_27b_tp2_bs128_out500_noeager_20260726_032007.json
6,Qwen3.5-27B,TP2,bs128_out500,144.07,2186.32,345.37,755.08,qwen3.5_27b_tp2_bs128_out500_noeager_20260726_055547.json
7,Qwen3.5-27B,TP2,bs128_out500,144.22,2183.02,345.92,755.16,qwen3.5_27b_tp2_bs128_out500_noeager_20260726_083131.json
8,Qwen3.5-27B,TP2,bs128_out500,144.21,2200.84,344.78,758.81,qwen3.5_27b_tp2_bs128_out500_noeager_20260726_110726.json
9,Qwen3.5-27B,TP2,bs128_out500,143.78,2180.45,347.34,757.36,qwen3.5_27b_tp2_bs128_out500_noeager_20260726_134243.json
10,Qwen3.5-27B,TP2,bs128_out500,144.49,2204.45,344.32,759.03,qwen3.5_27b_tp2_bs128_out500_noeager_20260726_161831.json
1,Qwen3.5-27B,TP2 × DP2,bs128_out500,72.24,4387.89,344.17,1510.19,qwen3.5_27b_tp2_dp2_bs128_out500_noeager_20260725_170947.json
2,Qwen3.5-27B,TP2 × DP2,bs128_out500,72.32,4388.47,343.75,1508.52,qwen3.5_27b_tp2_dp2_bs128_out500_noeager_20260725_194723.json
3,Qwen3.5-27B,TP2 × DP2,bs128_out500,72.61,4416.45,342.07,1510.75,qwen3.5_27b_tp2_dp2_bs128_out500_noeager_20260725_222308.json
4,Qwen3.5-27B,TP2 × DP2,bs128_out500,72.57,4345.8,346.63,1506.38,qwen3.5_27b_tp2_dp2_bs128_out500_noeager_20260726_005833.json
5,Qwen3.5-27B,TP2 × DP2,bs128_out500,72.31,4375.34,344.01,1505.14,qwen3.5_27b_tp2_dp2_bs128_out500_noeager_20260726_033404.json
6,Qwen3.5-27B,TP2 × DP2,bs128_out500,72.76,4407.64,342.88,1511.27,qwen3.5_27b_tp2_dp2_bs128_out500_noeager_20260726_060938.json
7,Qwen3.5-27B,TP2 × DP2,bs128_out500,73.61,4387.52,344.81,1512.88,qwen3.5_27b_tp2_dp2_bs128_out500_noeager_20260726_084520.json
8,Qwen3.5-27B,TP2 × DP2,bs128_out500,72.3,4365.76,345.45,1508.17,qwen3.5_27b_tp2_dp2_bs128_out500_noeager_20260726_112122.json
9,Qwen3.5-27B,TP2 × DP2,bs128_out500,71.95,4380.83,342.68,1501.21,qwen3.5_27b_tp2_dp2_bs128_out500_noeager_20260726_135631.json
10,Qwen3.5-27B,TP2 × DP2,bs128_out500,71.68,4342.97,345.53,1500.63,qwen3.5_27b_tp2_dp2_bs128_out500_noeager_20260726_163224.json
1,Qwen3.5-27B,TP2 × PP2,bs128_out500,146.34,2197.99,473.77,1041.34,qwen3.5_27b_tp2_pp2_bs128_out500_noeager_20260725_172155.json
2,Qwen3.5-27B,TP2 × PP2,bs128_out500,145.73,2212.0,472.88,1046.02,qwen3.5_27b_tp2_pp2_bs128_out500_noeager_20260725_195902.json
3,Qwen3.5-27B,TP2 × PP2,bs128_out500,144.19,2187.95,474.86,1038.97,qwen3.5_27b_tp2_pp2_bs128_out500_noeager_20260725_223445.json
4,Qwen3.5-27B,TP2 × PP2,bs128_out500,145.39,2205.24,472.54,1042.07,qwen3.5_27b_tp2_pp2_bs128_out500_noeager_20260726_011013.json
5,Qwen3.5-27B,TP2 × PP2,bs128_out500,144.39,2173.77,479.05,1041.34,qwen3.5_27b_tp2_pp2_bs128_out500_noeager_20260726_034542.json
6,Qwen3.5-27B,TP2 × PP2,bs128_out500,144.6,2190.8,475.06,1040.76,qwen3.5_27b_tp2_pp2_bs128_out500_noeager_20260726_062115.json
7,Qwen3.5-27B,TP2 × PP2,bs128_out500,144.01,2182.5,474.97,1036.62,qwen3.5_27b_tp2_pp2_bs128_out500_noeager_20260726_085658.json
8,Qwen3.5-27B,TP2 × PP2,bs128_out500,144.29,2183.05,477.65,1042.75,qwen3.5_27b_tp2_pp2_bs128_out500_noeager_20260726_113300.json
9,Qwen3.5-27B,TP2 × PP2,bs128_out500,144.48,2190.44,473.36,1036.87,qwen3.5_27b_tp2_pp2_bs128_out500_noeager_20260726_140813.json
10,Qwen3.5-27B,TP2 × PP2,bs128_out500,144.16,2179.05,476.39,1038.08,qwen3.5_27b_tp2_pp2_bs128_out500_noeager_20260726_164402.json
1,Qwen3.5-27B,TP4,bs128_out500,84.43,3793.17,400.17,1517.92,qwen3.5_27b_tp4_bs128_out500_noeager_20260725_173524.json
2,Qwen3.5-27B,TP4,bs128_out500,83.91,3796.58,399.48,1516.68,qwen3.5_27b_tp4_bs128_out500_noeager_20260725_201221.json
3,Qwen3.5-27B,TP4,bs128_out500,83.64,3774.15,401.99,1517.18,qwen3.5_27b_tp4_bs128_out500_noeager_20260725_224808.json
4,Qwen3.5-27B,TP4,bs128_out500,83.64,3768.87,403.14,1519.37,qwen3.5_27b_tp4_bs128_out500_noeager_20260726_012332.json
5,Qwen3.5-27B,TP4,bs128_out500,83.2,3759.39,401.82,1510.6,qwen3.5_27b_tp4_bs128_out500_noeager_20260726_035857.json
6,Qwen3.5-27B,TP4,bs128_out500,83.39,3760.41,401.91,1511.33,qwen3.5_27b_tp4_bs128_out500_noeager_20260726_063431.json
7,Qwen3.5-27B,TP4,bs128_out500,83.77,3813.55,397.86,1517.25,qwen3.5_27b_tp4_bs128_out500_noeager_20260726_091019.json
8,Qwen3.5-27B,TP4,bs128_out500,83.49,3759.63,402.17,1512.0,qwen3.5_27b_tp4_bs128_out500_noeager_20260726_114618.json
9,Qwen3.5-27B,TP4,bs128_out500,84.04,3812.15,398.09,1517.56,qwen3.5_27b_tp4_bs128_out500_noeager_20260726_142133.json
10,Qwen3.5-27B,TP4,bs128_out500,83.13,3749.62,403.28,1512.16,qwen3.5_27b_tp4_bs128_out500_noeager_20260726_165723.json
1,Qwen3.5-27B,PP2,bs256_out2000,565.87,1270.3,420.79,534.53,qwen3.5_27b_pp2_bs256_out2000_noeager_20260725_160655.json
2,Qwen3.5-27B,PP2,bs256_out2000,571.73,1288.46,415.31,535.11,qwen3.5_27b_pp2_bs256_out2000_noeager_20260725_184413.json
3,Qwen3.5-27B,PP2,bs256_out2000,573.24,1286.4,416.67,536.0,qwen3.5_27b_pp2_bs256_out2000_noeager_20260725_212111.json
4,Qwen3.5-27B,PP2,bs256_out2000,574.03,1289.94,417.43,538.46,qwen3.5_27b_pp2_bs256_out2000_noeager_20260725_235632.json
5,Qwen3.5-27B,PP2,bs256_out2000,565.12,1278.43,418.96,535.62,qwen3.5_27b_pp2_bs256_out2000_noeager_20260726_023148.json
6,Qwen3.5-27B,PP2,bs256_out2000,570.89,1276.02,420.23,536.22,qwen3.5_27b_pp2_bs256_out2000_noeager_20260726_050726.json
7,Qwen3.5-27B,PP2,bs256_out2000,569.89,1284.03,418.46,537.31,qwen3.5_27b_pp2_bs256_out2000_noeager_20260726_074321.json
8,Qwen3.5-27B,PP2,bs256_out2000,573.4,1280.76,417.82,535.13,qwen3.5_27b_pp2_bs256_out2000_noeager_20260726_101910.json
9,Qwen3.5-27B,PP2,bs256_out2000,562.27,1261.56,424.19,535.14,qwen3.5_27b_pp2_bs256_out2000_noeager_20260726_125437.json
10,Qwen3.5-27B,PP2,bs256_out2000,576.69,1289.93,417.32,538.32,qwen3.5_27b_pp2_bs256_out2000_noeager_20260726_153012.json
1,Qwen3.5-27B,PP2 × DP2,bs256_out2000,291.13,2547.21,421.06,1072.52,qwen3.5_27b_pp2_dp2_bs256_out2000_noeager_20260725_162204.json
2,Qwen3.5-27B,PP2 × DP2,bs256_out2000,289.83,2557.09,418.49,1070.1,qwen3.5_27b_pp2_dp2_bs256_out2000_noeager_20260725_190043.json
3,Qwen3.5-27B,PP2 × DP2,bs256_out2000,292.03,2551.8,418.76,1068.59,qwen3.5_27b_pp2_dp2_bs256_out2000_noeager_20260725_213621.json
4,Qwen3.5-27B,PP2 × DP2,bs256_out2000,288.42,2511.82,425.06,1067.66,qwen3.5_27b_pp2_dp2_bs256_out2000_noeager_20260726_001144.json
5,Qwen3.5-27B,PP2 × DP2,bs256_out2000,292.26,2543.1,419.61,1067.11,qwen3.5_27b_pp2_dp2_bs256_out2000_noeager_20260726_024700.json
6,Qwen3.5-27B,PP2 × DP2,bs256_out2000,296.17,2542.82,421.99,1073.04,qwen3.5_27b_pp2_dp2_bs256_out2000_noeager_20260726_052241.json
7,Qwen3.5-27B,PP2 × DP2,bs256_out2000,289.09,2565.78,417.47,1071.13,qwen3.5_27b_pp2_dp2_bs256_out2000_noeager_20260726_075833.json
8,Qwen3.5-27B,PP2 × DP2,bs256_out2000,290.92,2540.43,419.85,1066.6,qwen3.5_27b_pp2_dp2_bs256_out2000_noeager_20260726_103423.json
9,Qwen3.5-27B,PP2 × DP2,bs256_out2000,292.05,2568.15,416.73,1070.23,qwen3.5_27b_pp2_dp2_bs256_out2000_noeager_20260726_130952.json
10,Qwen3.5-27B,PP2 × DP2,bs256_out2000,291.43,2570.05,415.8,1068.62,qwen3.5_27b_pp2_dp2_bs256_out2000_noeager_20260726_154521.json
1,Qwen3.5-27B,PP4,bs256_out2000,580.05,1291.96,623.69,805.78,qwen3.5_27b_pp4_bs256_out2000_noeager_20260725_164300.json
2,Qwen3.5-27B,PP4,bs256_out2000,568.06,1270.39,636.66,808.81,qwen3.5_27b_pp4_bs256_out2000_noeager_20260725_192053.json
3,Qwen3.5-27B,PP4,bs256_out2000,578.6,1288.31,625.37,805.67,qwen3.5_27b_pp4_bs256_out2000_noeager_20260725_215638.json
4,Qwen3.5-27B,PP4,bs256_out2000,580.69,1300.04,619.5,805.38,qwen3.5_27b_pp4_bs256_out2000_noeager_20260726_003205.json
5,Qwen3.5-27B,PP4,bs256_out2000,582.33,1302.25,614.61,800.37,qwen3.5_27b_pp4_bs256_out2000_noeager_20260726_030721.json
6,Qwen3.5-27B,PP4,bs256_out2000,581.27,1298.81,623.77,810.16,qwen3.5_27b_pp4_bs256_out2000_noeager_20260726_054307.json
7,Qwen3.5-27B,PP4,bs256_out2000,576.37,1283.26,627.65,805.44,qwen3.5_27b_pp4_bs256_out2000_noeager_20260726_081853.json
8,Qwen3.5-27B,PP4,bs256_out2000,581.37,1289.22,623.79,804.2,qwen3.5_27b_pp4_bs256_out2000_noeager_20260726_105443.json
9,Qwen3.5-27B,PP4,bs256_out2000,572.56,1279.98,626.36,801.72,qwen3.5_27b_pp4_bs256_out2000_noeager_20260726_133003.json
10,Qwen3.5-27B,PP4,bs256_out2000,588.98,1305.72,617.44,806.21,qwen3.5_27b_pp4_bs256_out2000_noeager_20260726_160551.json
1,Qwen3.5-27B,TP2,bs256_out2000,317.98,2315.53,339.02,785.01,qwen3.5_27b_tp2_bs256_out2000_noeager_20260725_170304.json
2,Qwen3.5-27B,TP2,bs256_out2000,318.74,2307.28,341.27,787.42,qwen3.5_27b_tp2_bs256_out2000_noeager_20260725_194040.json
3,Qwen3.5-27B,TP2,bs256_out2000,319.0,2313.81,340.37,787.55,qwen3.5_27b_tp2_bs256_out2000_noeager_20260725_221626.json
4,Qwen3.5-27B,TP2,bs256_out2000,316.39,2281.19,344.54,785.97,qwen3.5_27b_tp2_bs256_out2000_noeager_20260726_005149.json
5,Qwen3.5-27B,TP2,bs256_out2000,324.31,2329.44,339.14,790.01,qwen3.5_27b_tp2_bs256_out2000_noeager_20260726_032718.json
6,Qwen3.5-27B,TP2,bs256_out2000,321.86,2320.47,339.62,788.07,qwen3.5_27b_tp2_bs256_out2000_noeager_20260726_060256.json
7,Qwen3.5-27B,TP2,bs256_out2000,315.55,2287.22,343.78,786.31,qwen3.5_27b_tp2_bs256_out2000_noeager_20260726_083835.json
8,Qwen3.5-27B,TP2,bs256_out2000,325.81,2352.96,336.5,791.77,qwen3.5_27b_tp2_bs256_out2000_noeager_20260726_111439.json
9,Qwen3.5-27B,TP2,bs256_out2000,318.59,2327.91,338.37,787.69,qwen3.5_27b_tp2_bs256_out2000_noeager_20260726_134949.json
10,Qwen3.5-27B,TP2,bs256_out2000,323.39,2349.93,336.42,790.55,qwen3.5_27b_tp2_bs256_out2000_noeager_20260726_162541.json
1,Qwen3.5-27B,TP2 × DP2,bs256_out2000,163.05,4716.28,333.54,1573.08,qwen3.5_27b_tp2_dp2_bs256_out2000_noeager_20260725_171431.json
2,Qwen3.5-27B,TP2 × DP2,bs256_out2000,160.62,4530.44,344.22,1559.45,qwen3.5_27b_tp2_dp2_bs256_out2000_noeager_20260725_195206.json
3,Qwen3.5-27B,TP2 × DP2,bs256_out2000,163.42,4548.11,343.74,1563.37,qwen3.5_27b_tp2_dp2_bs256_out2000_noeager_20260725_222753.json
4,Qwen3.5-27B,TP2 × DP2,bs256_out2000,161.6,4645.25,338.06,1570.37,qwen3.5_27b_tp2_dp2_bs256_out2000_noeager_20260726_010319.json
5,Qwen3.5-27B,TP2 × DP2,bs256_out2000,162.81,4609.06,340.83,1570.9,qwen3.5_27b_tp2_dp2_bs256_out2000_noeager_20260726_033850.json
6,Qwen3.5-27B,TP2 × DP2,bs256_out2000,160.51,4628.56,338.43,1566.43,qwen3.5_27b_tp2_dp2_bs256_out2000_noeager_20260726_061422.json
7,Qwen3.5-27B,TP2 × DP2,bs256_out2000,162.14,4629.12,340.12,1574.44,qwen3.5_27b_tp2_dp2_bs256_out2000_noeager_20260726_085004.json
8,Qwen3.5-27B,TP2 × DP2,bs256_out2000,163.42,4684.53,336.13,1574.62,qwen3.5_27b_tp2_dp2_bs256_out2000_noeager_20260726_112606.json
9,Qwen3.5-27B,TP2 × DP2,bs256_out2000,165.13,4646.26,338.23,1571.5,qwen3.5_27b_tp2_dp2_bs256_out2000_noeager_20260726_140119.json
10,Qwen3.5-27B,TP2 × DP2,bs256_out2000,160.12,4585.56,342.02,1568.34,qwen3.5_27b_tp2_dp2_bs256_out2000_noeager_20260726_163708.json
1,Qwen3.5-27B,TP2 × PP2,bs256_out2000,321.74,2315.43,463.28,1072.7,qwen3.5_27b_tp2_pp2_bs256_out2000_noeager_20260725_172849.json
2,Qwen3.5-27B,TP2 × PP2,bs256_out2000,318.38,2306.1,464.16,1070.41,qwen3.5_27b_tp2_pp2_bs256_out2000_noeager_20260725_200553.json
3,Qwen3.5-27B,TP2 × PP2,bs256_out2000,322.89,2324.49,461.49,1072.72,qwen3.5_27b_tp2_pp2_bs256_out2000_noeager_20260725_224139.json
4,Qwen3.5-27B,TP2 × PP2,bs256_out2000,317.89,2299.6,463.69,1066.31,qwen3.5_27b_tp2_pp2_bs256_out2000_noeager_20260726_011703.json
5,Qwen3.5-27B,TP2 × PP2,bs256_out2000,316.68,2291.58,463.07,1061.17,qwen3.5_27b_tp2_pp2_bs256_out2000_noeager_20260726_035231.json
6,Qwen3.5-27B,TP2 × PP2,bs256_out2000,318.5,2302.66,463.49,1067.25,qwen3.5_27b_tp2_pp2_bs256_out2000_noeager_20260726_062805.json
7,Qwen3.5-27B,TP2 × PP2,bs256_out2000,321.3,2317.68,460.77,1067.92,qwen3.5_27b_tp2_pp2_bs256_out2000_noeager_20260726_090352.json
8,Qwen3.5-27B,TP2 × PP2,bs256_out2000,317.09,2294.03,466.01,1069.05,qwen3.5_27b_tp2_pp2_bs256_out2000_noeager_20260726_113950.json
9,Qwen3.5-27B,TP2 × PP2,bs256_out2000,320.78,2318.36,461.61,1070.19,qwen3.5_27b_tp2_pp2_bs256_out2000_noeager_20260726_141506.json
10,Qwen3.5-27B,TP2 × PP2,bs256_out2000,319.0,2300.22,463.1,1065.24,qwen3.5_27b_tp2_pp2_bs256_out2000_noeager_20260726_165054.json
1,Qwen3.5-27B,TP4,bs256_out2000,184.63,4058.74,389.35,1580.26,qwen3.5_27b_tp4_bs256_out2000_noeager_20260725_174017.json
2,Qwen3.5-27B,TP4,bs256_out2000,181.04,3983.42,394.0,1569.48,qwen3.5_27b_tp4_bs256_out2000_noeager_20260725_201711.json
3,Qwen3.5-27B,TP4,bs256_out2000,184.73,4096.95,387.72,1588.48,qwen3.5_27b_tp4_bs256_out2000_noeager_20260725_225300.json
4,Qwen3.5-27B,TP4,bs256_out2000,184.06,4047.83,390.54,1580.82,qwen3.5_27b_tp4_bs256_out2000_noeager_20260726_012825.json
5,Qwen3.5-27B,TP4,bs256_out2000,186.46,4119.48,386.08,1590.43,qwen3.5_27b_tp4_bs256_out2000_noeager_20260726_040351.json
6,Qwen3.5-27B,TP4,bs256_out2000,184.57,4070.07,389.68,1586.01,qwen3.5_27b_tp4_bs256_out2000_noeager_20260726_063923.json
7,Qwen3.5-27B,TP4,bs256_out2000,184.47,4069.52,389.26,1584.08,qwen3.5_27b_tp4_bs256_out2000_noeager_20260726_091512.json
8,Qwen3.5-27B,TP4,bs256_out2000,185.27,4079.91,389.31,1588.34,qwen3.5_27b_tp4_bs256_out2000_noeager_20260726_115111.json
9,Qwen3.5-27B,TP4,bs256_out2000,184.7,4061.94,388.98,1580.03,qwen3.5_27b_tp4_bs256_out2000_noeager_20260726_142626.json
10,Qwen3.5-27B,TP4,bs256_out2000,181.19,3987.88,393.42,1568.9,qwen3.5_27b_tp4_bs256_out2000_noeager_20260726_170211.json
1,Qwen3.5-27B,PP2,bs256_out500,181.88,1738.3,333.01,578.87,qwen3.5_27b_pp2_bs256_out500_noeager_20260725_161130.json
2,Qwen3.5-27B,PP2,bs256_out500,182.13,1720.24,335.53,577.19,qwen3.5_27b_pp2_bs256_out500_noeager_20260725_184848.json
3,Qwen3.5-27B,PP2,bs256_out500,181.32,1723.49,334.03,575.7,qwen3.5_27b_pp2_bs256_out500_noeager_20260725_212546.json
4,Qwen3.5-27B,PP2,bs256_out500,181.96,1727.95,332.09,573.84,qwen3.5_27b_pp2_bs256_out500_noeager_20260726_000107.json
5,Qwen3.5-27B,PP2,bs256_out500,182.38,1721.29,334.87,576.41,qwen3.5_27b_pp2_bs256_out500_noeager_20260726_023624.json
6,Qwen3.5-27B,PP2,bs256_out500,182.71,1731.57,329.09,569.84,qwen3.5_27b_pp2_bs256_out500_noeager_20260726_051202.json
7,Qwen3.5-27B,PP2,bs256_out500,183.82,1723.04,334.71,576.71,qwen3.5_27b_pp2_bs256_out500_noeager_20260726_074758.json
8,Qwen3.5-27B,PP2,bs256_out500,183.57,1753.3,329.77,578.19,qwen3.5_27b_pp2_bs256_out500_noeager_20260726_102347.json
9,Qwen3.5-27B,PP2,bs256_out500,182.84,1736.62,334.3,580.55,qwen3.5_27b_pp2_bs256_out500_noeager_20260726_125913.json
10,Qwen3.5-27B,PP2,bs256_out500,181.18,1725.75,333.86,576.15,qwen3.5_27b_pp2_bs256_out500_noeager_20260726_153447.json
1,Qwen3.5-27B,PP2 × DP2,bs256_out500,92.55,3418.19,338.65,1157.55,qwen3.5_27b_pp2_dp2_bs256_out500_noeager_20260725_162527.json
2,Qwen3.5-27B,PP2 × DP2,bs256_out500,91.88,3437.29,337.38,1159.67,qwen3.5_27b_pp2_dp2_bs256_out500_noeager_20260725_190403.json
3,Qwen3.5-27B,PP2 × DP2,bs256_out500,92.49,3413.41,336.02,1146.98,qwen3.5_27b_pp2_dp2_bs256_out500_noeager_20260725_213941.json
4,Qwen3.5-27B,PP2 × DP2,bs256_out500,92.0,3475.66,332.1,1154.26,qwen3.5_27b_pp2_dp2_bs256_out500_noeager_20260726_001504.json
5,Qwen3.5-27B,PP2 × DP2,bs256_out500,92.97,3423.85,335.96,1150.28,qwen3.5_27b_pp2_dp2_bs256_out500_noeager_20260726_025020.json
6,Qwen3.5-27B,PP2 × DP2,bs256_out500,90.94,3431.84,336.42,1154.55,qwen3.5_27b_pp2_dp2_bs256_out500_noeager_20260726_052601.json
7,Qwen3.5-27B,PP2 × DP2,bs256_out500,91.91,3438.16,335.12,1152.2,qwen3.5_27b_pp2_dp2_bs256_out500_noeager_20260726_080154.json
8,Qwen3.5-27B,PP2 × DP2,bs256_out500,92.36,3423.84,335.24,1147.81,qwen3.5_27b_pp2_dp2_bs256_out500_noeager_20260726_103742.json
9,Qwen3.5-27B,PP2 × DP2,bs256_out500,92.87,3397.49,338.88,1151.34,qwen3.5_27b_pp2_dp2_bs256_out500_noeager_20260726_131312.json
10,Qwen3.5-27B,PP2 × DP2,bs256_out500,92.92,3376.66,338.05,1141.49,qwen3.5_27b_pp2_dp2_bs256_out500_noeager_20260726_154842.json
1,Qwen3.5-27B,PP4,bs256_out500,180.83,1719.37,482.08,828.87,qwen3.5_27b_pp4_bs256_out500_noeager_20260725_164728.json
2,Qwen3.5-27B,PP4,bs256_out500,181.12,1728.82,491.81,850.25,qwen3.5_27b_pp4_bs256_out500_noeager_20260725_192524.json
3,Qwen3.5-27B,PP4,bs256_out500,182.18,1761.82,476.62,839.72,qwen3.5_27b_pp4_bs256_out500_noeager_20260725_220108.json
4,Qwen3.5-27B,PP4,bs256_out500,182.66,1743.42,482.0,840.33,qwen3.5_27b_pp4_bs256_out500_noeager_20260726_003635.json
5,Qwen3.5-27B,PP4,bs256_out500,180.99,1736.85,481.86,836.91,qwen3.5_27b_pp4_bs256_out500_noeager_20260726_031153.json
6,Qwen3.5-27B,PP4,bs256_out500,181.86,1749.43,480.69,840.94,qwen3.5_27b_pp4_bs256_out500_noeager_20260726_054737.json
7,Qwen3.5-27B,PP4,bs256_out500,181.64,1741.05,480.94,837.35,qwen3.5_27b_pp4_bs256_out500_noeager_20260726_082322.json
8,Qwen3.5-27B,PP4,bs256_out500,182.55,1740.39,486.81,847.23,qwen3.5_27b_pp4_bs256_out500_noeager_20260726_105915.json
9,Qwen3.5-27B,PP4,bs256_out500,181.52,1731.6,488.21,845.38,qwen3.5_27b_pp4_bs256_out500_noeager_20260726_133432.json
10,Qwen3.5-27B,PP4,bs256_out500,180.36,1720.58,489.64,842.47,qwen3.5_27b_pp4_bs256_out500_noeager_20260726_161019.json
1,Qwen3.5-27B,TP2,bs256_out500,103.43,3065.78,278.31,853.25,qwen3.5_27b_tp2_bs256_out500_noeager_20260725_170635.json
2,Qwen3.5-27B,TP2,bs256_out500,102.33,3044.23,279.34,850.38,qwen3.5_27b_tp2_bs256_out500_noeager_20260725_194410.json
3,Qwen3.5-27B,TP2,bs256_out500,102.77,3071.99,276.58,849.66,qwen3.5_27b_tp2_bs256_out500_noeager_20260725_221956.json
4,Qwen3.5-27B,TP2,bs256_out500,103.85,3070.45,278.28,854.43,qwen3.5_27b_tp2_bs256_out500_noeager_20260726_005520.json
5,Qwen3.5-27B,TP2,bs256_out500,104.11,3065.17,278.52,853.71,qwen3.5_27b_tp2_bs256_out500_noeager_20260726_033050.json
6,Qwen3.5-27B,TP2,bs256_out500,102.04,3048.66,278.88,850.2,qwen3.5_27b_tp2_bs256_out500_noeager_20260726_060626.json
7,Qwen3.5-27B,TP2,bs256_out500,103.47,3053.96,279.36,853.15,qwen3.5_27b_tp2_bs256_out500_noeager_20260726_084206.json
8,Qwen3.5-27B,TP2,bs256_out500,103.19,3058.55,279.0,853.34,qwen3.5_27b_tp2_bs256_out500_noeager_20260726_111809.json
9,Qwen3.5-27B,TP2,bs256_out500,103.51,3058.41,279.13,853.71,qwen3.5_27b_tp2_bs256_out500_noeager_20260726_135319.json
10,Qwen3.5-27B,TP2,bs256_out500,103.6,3078.07,277.19,853.22,qwen3.5_27b_tp2_bs256_out500_noeager_20260726_162912.json
1,Qwen3.5-27B,TP2 × DP2,bs256_out500,52.37,6092.94,279.66,1703.98,qwen3.5_27b_tp2_dp2_bs256_out500_noeager_20260725_171725.json
2,Qwen3.5-27B,TP2 × DP2,bs256_out500,52.28,6069.1,279.89,1698.66,qwen3.5_27b_tp2_dp2_bs256_out500_noeager_20260725_195502.json
3,Qwen3.5-27B,TP2 × DP2,bs256_out500,52.43,6064.41,279.94,1697.68,qwen3.5_27b_tp2_dp2_bs256_out500_noeager_20260725_223047.json
4,Qwen3.5-27B,TP2 × DP2,bs256_out500,52.31,5998.35,282.8,1696.36,qwen3.5_27b_tp2_dp2_bs256_out500_noeager_20260726_010614.json
5,Qwen3.5-27B,TP2 × DP2,bs256_out500,52.36,6055.4,280.88,1700.87,qwen3.5_27b_tp2_dp2_bs256_out500_noeager_20260726_034145.json
6,Qwen3.5-27B,TP2 × DP2,bs256_out500,52.08,6016.55,282.15,1697.55,qwen3.5_27b_tp2_dp2_bs256_out500_noeager_20260726_061715.json
7,Qwen3.5-27B,TP2 × DP2,bs256_out500,52.48,6104.8,279.51,1706.33,qwen3.5_27b_tp2_dp2_bs256_out500_noeager_20260726_085300.json
8,Qwen3.5-27B,TP2 × DP2,bs256_out500,52.81,6046.32,281.32,1700.94,qwen3.5_27b_tp2_dp2_bs256_out500_noeager_20260726_112901.json
9,Qwen3.5-27B,TP2 × DP2,bs256_out500,52.54,6034.94,282.25,1703.33,qwen3.5_27b_tp2_dp2_bs256_out500_noeager_20260726_140414.json
10,Qwen3.5-27B,TP2 × DP2,bs256_out500,52.32,6086.5,279.27,1699.77,qwen3.5_27b_tp2_dp2_bs256_out500_noeager_20260726_164002.json
1,Qwen3.5-27B,TP2 × PP2,bs256_out500,104.17,3034.14,375.56,1139.51,qwen3.5_27b_tp2_pp2_bs256_out500_noeager_20260725_173205.json
2,Qwen3.5-27B,TP2 × PP2,bs256_out500,104.52,3057.29,379.06,1158.88,qwen3.5_27b_tp2_pp2_bs256_out500_noeager_20260725_200910.json
3,Qwen3.5-27B,TP2 × PP2,bs256_out500,103.81,3061.06,369.87,1132.18,qwen3.5_27b_tp2_pp2_bs256_out500_noeager_20260725_224457.json
4,Qwen3.5-27B,TP2 × PP2,bs256_out500,104.32,3052.19,370.57,1131.05,qwen3.5_27b_tp2_pp2_bs256_out500_noeager_20260726_012021.json
5,Qwen3.5-27B,TP2 × PP2,bs256_out500,102.96,3053.41,368.06,1123.83,qwen3.5_27b_tp2_pp2_bs256_out500_noeager_20260726_035546.json
6,Qwen3.5-27B,TP2 × PP2,bs256_out500,103.31,3048.26,373.88,1139.7,qwen3.5_27b_tp2_pp2_bs256_out500_noeager_20260726_063120.json
7,Qwen3.5-27B,TP2 × PP2,bs256_out500,103.64,3057.81,370.63,1133.32,qwen3.5_27b_tp2_pp2_bs256_out500_noeager_20260726_090708.json
8,Qwen3.5-27B,TP2 × PP2,bs256_out500,104.22,3045.0,373.41,1137.02,qwen3.5_27b_tp2_pp2_bs256_out500_noeager_20260726_114307.json
9,Qwen3.5-27B,TP2 × PP2,bs256_out500,103.29,3060.26,369.45,1130.62,qwen3.5_27b_tp2_pp2_bs256_out500_noeager_20260726_141822.json
10,Qwen3.5-27B,TP2 × PP2,bs256_out500,104.74,3071.92,367.2,1128.02,qwen3.5_27b_tp2_pp2_bs256_out500_noeager_20260726_165412.json
1,Qwen3.5-27B,TP4,bs256_out500,58.3,5401.66,317.97,1717.54,qwen3.5_27b_tp4_bs256_out500_noeager_20260725_174304.json
2,Qwen3.5-27B,TP4,bs256_out500,58.21,5440.29,315.84,1718.27,qwen3.5_27b_tp4_bs256_out500_noeager_20260725_201956.json
3,Qwen3.5-27B,TP4,bs256_out500,58.09,5423.95,316.09,1714.48,qwen3.5_27b_tp4_bs256_out500_noeager_20260725_225546.json
4,Qwen3.5-27B,TP4,bs256_out500,57.96,5390.49,317.62,1712.12,qwen3.5_27b_tp4_bs256_out500_noeager_20260726_013110.json
5,Qwen3.5-27B,TP4,bs256_out500,57.93,5396.52,318.56,1719.11,qwen3.5_27b_tp4_bs256_out500_noeager_20260726_040637.json
6,Qwen3.5-27B,TP4,bs256_out500,58.47,5451.88,315.91,1722.31,qwen3.5_27b_tp4_bs256_out500_noeager_20260726_064210.json
7,Qwen3.5-27B,TP4,bs256_out500,58.9,5450.73,315.4,1719.19,qwen3.5_27b_tp4_bs256_out500_noeager_20260726_091800.json
8,Qwen3.5-27B,TP4,bs256_out500,58.57,5404.71,318.82,1723.12,qwen3.5_27b_tp4_bs256_out500_noeager_20260726_115356.json
9,Qwen3.5-27B,TP4,bs256_out500,58.06,5389.93,319.07,1719.77,qwen3.5_27b_tp4_bs256_out500_noeager_20260726_142911.json
10,Qwen3.5-27B,TP4,bs256_out500,58.31,5456.79,315.23,1720.12,qwen3.5_27b_tp4_bs256_out500_noeager_20260726_170457.json
